Athlete,Nationality,Score,Date,Venue,Place
Yomif KEJELCHA,ETH,1288,30 MAY 2024,"Bislett Stadion, Oslo (NOR)",
Yomif KEJELCHA,ETH,1288,30 MAY 2024,"Bislett Stadion, Oslo (NOR)",
Yomif KEJELCHA,ETH,1119,25 JUL 2014,"Hayward Field, Eugene, OR (USA)",
Yomif KEJELCHA,ETH,1232,11 SEP 2015,"Boudewijnstadion, Bruxelles (BEL)",
Yomif KEJELCHA,ETH,1198,14 MAY 2016,"Shanghai Stadium, Shanghai (CHN)",
Yomif KEJELCHA,ETH,1205,27 MAY 2017,"Hayward Field, Eugene, OR (USA)",
Yomif KEJELCHA,ETH,1259,31 AUG 2018,"Boudewijnstadion, Bruxelles (BEL)",
Yomif KEJELCHA,ETH,1208,05 JUL 2019,"Stade Olympique de la Pontaise, Lausanne (SUI)",
Yomif KEJELCHA,ETH,1163,10 OCT 2020,"FBK Stadium, Hengelo (NED)",
Yomif KEJELCHA,ETH,1239,09 JUN 2022,"Stadio Olimpico, Roma (ITA)",
Yomif KEJELCHA,ETH,1278,15 JUN 2023,"Bislett Stadion, Oslo (NOR)",
Yomif KEJELCHA,ETH,1288,30 MAY 2024,"Bislett Stadion, Oslo (NOR)",
Yomif KEJELCHA,ETH,,12 AUG 2017,"Olympic Stadium, London (GBR)",4.
Yomif KEJELCHA,ETH,,29 AUG 2015,"National Stadium, Beijing (CHN)",4.
Yomif KEJELCHA,ETH,,27 AUG 2023,"Nemzeti Atlétikai Központ, Budapest (HUN)",5.
Yomif KEJELCHA,ETH,,24 JUL 2022,"Hayward Field, Eugene, OR (USA)",8.
Yomif KEJELCHA,ETH,,11 SEP 2015,"Boudewijnstadion, Bruxelles (BEL)",1.
Yomif KEJELCHA,ETH,,25 JUL 2014,"Hayward Field, Eugene, OR (USA)",1.
Yomif KEJELCHA,ETH,,31 AUG 2023,"Letzigrund, Zürich (SUI)",1.
Yomif KEJELCHA,ETH,,15 JUN 2023,"Bislett Stadion, Oslo (NOR)",1.
Yomif KEJELCHA,ETH,,05 JUL 2019,"Stade Olympique de la Pontaise, Lausanne (SUI)",1.
Yomif KEJELCHA,ETH,,18 MAY 2019,"Shanghai Stadium, Shanghai (CHN)",1.
Yomif KEJELCHA,ETH,,11 SEP 2015,"Boudewijnstadion, Bruxelles (BEL)",1.
Yomif KEJELCHA,ETH,,04 JUN 2015,"Stadio Olimpico, Roma (ITA)",1.
Yomif KEJELCHA,ETH,,29 MAY 2015,"Hayward Field, Eugene, OR (USA)",1.
Yomif KEJELCHA,ETH,,08 MAR 2015,Addis Abeba (ETH),1.
Yomif KEJELCHA,ETH,1288,30 MAY 2024,"Bislett Stadion, Oslo (NOR)",2.
Yomif KEJELCHA,ETH,,27 AUG 2023,"Nemzeti Atlétikai Központ, Budapest (HUN)",5.
Yomif KEJELCHA,ETH,,24 AUG 2023,"Nemzeti Atlétikai Központ, Budapest (HUN)",2.
Yomif KEJELCHA,ETH,,24 JUL 2022,"Hayward Field, Eugene, OR (USA)",8.
Yomif KEJELCHA,ETH,,21 JUL 2022,"Hayward Field, Eugene, OR (USA)",4.
Yomif KEJELCHA,ETH,,12 AUG 2017,"Olympic Stadium, London (GBR)",4.
Yomif KEJELCHA,ETH,,09 AUG 2017,"Olympic Stadium, London (GBR)",1.
Yomif KEJELCHA,ETH,,29 AUG 2015,"National Stadium, Beijing (CHN)",4.
Yomif KEJELCHA,ETH,,26 AUG 2015,"National Stadium, Beijing (CHN)",1.
Yomif KEJELCHA,ETH,,08 MAR 2015,Addis Abeba (ETH),1.
Yomif KEJELCHA,ETH,,25 JUL 2014,"Hayward Field, Eugene, OR (USA)",1.
Yomif KEJELCHA,ETH,,27 AUG 2023,"Nemzeti Atlétikai Központ, Budapest (HUN)",5.
Yomif KEJELCHA,ETH,,24 AUG 2023,"Nemzeti Atlétikai Központ, Budapest (HUN)",2.
Yomif KEJELCHA,ETH,,24 JUL 2022,"Hayward Field, Eugene, OR (USA)",8.
Yomif KEJELCHA,ETH,,21 JUL 2022,"Hayward Field, Eugene, OR (USA)",4.
Yomif KEJELCHA,ETH,,12 AUG 2017,"Olympic Stadium, London (GBR)",4.
Yomif KEJELCHA,ETH,,09 AUG 2017,"Olympic Stadium, London (GBR)",1.
Yomif KEJELCHA,ETH,,29 AUG 2015,"National Stadium, Beijing (CHN)",4.
Yomif KEJELCHA,ETH,,26 AUG 2015,"National Stadium, Beijing (CHN)",1.
Yomif KEJELCHA,ETH,,08 MAR 2015,Addis Abeba (ETH),1.
Yomif KEJELCHA,ETH,,25 JUL 2014,"Hayward Field, Eugene, OR (USA)",1.
Yomif KEJELCHA,ETH,1288,30 MAY 2024,"Bislett Stadion, Oslo (NOR)",
Yomif KEJELCHA,ETH,1288,30 MAY 2024,"Bislett Stadion, Oslo (NOR)",
Yomif KEJELCHA,ETH,,,,
Yomif KEJELCHA,ETH,,,,
Yomif KEJELCHA,ETH,,,,
Yomif KEJELCHA,ETH,,,,
Yomif KEJELCHA,ETH,,,,
Yomif KEJELCHA,ETH,,,,
Yomif KEJELCHA,ETH,,,,
Yomif KEJELCHA,ETH,,,,
Yomif KEJELCHA,ETH,,,,
Yomif KEJELCHA,ETH,,,,
Yomif KEJELCHA,ETH,,12 AUG 2017,"Olympic Stadium, London (GBR)",4.
Yomif KEJELCHA,ETH,,29 AUG 2015,"National Stadium, Beijing (CHN)",4.
Yomif KEJELCHA,ETH,,27 AUG 2023,"Nemzeti Atlétikai Központ, Budapest (HUN)",5.
Yomif KEJELCHA,ETH,,24 JUL 2022,"Hayward Field, Eugene, OR (USA)",8.
Yomif KEJELCHA,ETH,,11 SEP 2015,"Boudewijnstadion, Bruxelles (BEL)",1.
Yomif KEJELCHA,ETH,,25 JUL 2014,"Hayward Field, Eugene, OR (USA)",1.
Yomif KEJELCHA,ETH,,31 AUG 2023,"Letzigrund, Zürich (SUI)",1.
Yomif KEJELCHA,ETH,,15 JUN 2023,"Bislett Stadion, Oslo (NOR)",1.
Yomif KEJELCHA,ETH,,05 JUL 2019,"Stade Olympique de la Pontaise, Lausanne (SUI)",1.
Yomif KEJELCHA,ETH,,18 MAY 2019,"Shanghai Stadium, Shanghai (CHN)",1.
Yomif KEJELCHA,ETH,,11 SEP 2015,"Boudewijnstadion, Bruxelles (BEL)",1.
Yomif KEJELCHA,ETH,,04 JUN 2015,"Stadio Olimpico, Roma (ITA)",1.
Yomif KEJELCHA,ETH,,29 MAY 2015,"Hayward Field, Eugene, OR (USA)",1.
Yomif KEJELCHA,ETH,,08 MAR 2015,Addis Abeba (ETH),1.
Yomif KEJELCHA,ETH,,,,
Hagos GEBRHIWET,ETH,1296,30 MAY 2024,"Bislett Stadion, Oslo (NOR)",
Hagos GEBRHIWET,ETH,1296,30 MAY 2024,"Bislett Stadion, Oslo (NOR)",
Hagos GEBRHIWET,ETH,967,08 MAY 2011,Addis Abeba (ETH),
Hagos GEBRHIWET,ETH,1256,06 JUL 2012,"Stade de France, Paris-St-Denis (FRA)",
Hagos GEBRHIWET,ETH,1225,06 JUN 2013,"Stadio Olimpico, Roma (ITA)",
Hagos GEBRHIWET,ETH,1184,18 MAY 2014,"Shanghai Stadium, Shanghai (CHN)",
Hagos GEBRHIWET,ETH,1229,11 SEP 2015,"Boudewijnstadion, Bruxelles (BEL)",
Hagos GEBRHIWET,ETH,1209,17 JUN 2016,"Somerville, MA (USA)",
Hagos GEBRHIWET,ETH,1262,31 AUG 2018,"Boudewijnstadion, Bruxelles (BEL)",
Hagos GEBRHIWET,ETH,1228,06 JUN 2019,"Stadio Olimpico, Roma (ITA)",
Hagos GEBRHIWET,ETH,1250,10 JUN 2021,"Stadio Luigi Ridolfi, Firenze (ITA)",
Hagos GEBRHIWET,ETH,1276,21 JUL 2023,"Stade Louis II, Monaco (MON)",
Hagos GEBRHIWET,ETH,1296,30 MAY 2024,"Bislett Stadion, Oslo (NOR)",
Hagos GEBRHIWET,ETH,,20 AUG 2016,"Estádio Olímpico, Rio de Janeiro (BRA)",3.
Hagos GEBRHIWET,ETH,,16 AUG 2013,"Luzhniki Stadion, Moskva (RUS)",2.
Hagos GEBRHIWET,ETH,,29 AUG 2015,"National Stadium, Beijing (CHN)",3.
Hagos GEBRHIWET,ETH,,27 AUG 2023,"Nemzeti Atlétikai Központ, Budapest (HUN)",6.
Hagos GEBRHIWET,ETH,,01 SEP 2016,"Letzigrund, Zürich (SUI)",1.
Hagos GEBRHIWET,ETH,,22 MAR 2024,"University of Ghana Sports Stadium, Accra (GHA)",1.
Hagos GEBRHIWET,ETH,,30 MAY 2024,"Bislett Stadion, Oslo (NOR)",1.
Hagos GEBRHIWET,ETH,,21 JUL 2023,"Stade Louis II, Monaco (MON)",1.
Hagos GEBRHIWET,ETH,,20 JUL 2019,"Olympic Stadium, London (GBR)",1.
Hagos GEBRHIWET,ETH,,01 SEP 2016,"Letzigrund, Zürich (SUI)",1.
Hagos GEBRHIWET,ETH,,09 JUN 2016,"Bislett Stadion, Oslo (NOR)",1.
Hagos GEBRHIWET,ETH,,11 JUL 2014,"Hampden Park, Glasgow (GBR)",1.
Hagos GEBRHIWET,ETH,,25 MAY 2013,"Icahn Stadium, New York, NY (USA)",1.
Hagos GEBRHIWET,ETH,,19 MAY 2012,"Shanghai Stadium, Shanghai (CHN)",1.
Hagos GEBRHIWET,ETH,1074,22 MAR 2024,"University of Ghana Sports Stadium, Accra (GHA)",1.
Hagos GEBRHIWET,ETH,1296,30 MAY 2024,"Bislett Stadion, Oslo (NOR)",1.
Hagos GEBRHIWET,ETH,,20 AUG 2016,"Estádio Olímpico, Rio de Janeiro (BRA)",3.
Hagos GEBRHIWET,ETH,,17 AUG 2016,"Estádio Olímpico, Rio de Janeiro (BRA)",1.
Hagos GEBRHIWET,ETH,,11 AUG 2012,"Olympic Stadium, London (GBR)",11.
Hagos GEBRHIWET,ETH,,08 AUG 2012,"Olympic Stadium, London (GBR)",5.
Hagos GEBRHIWET,ETH,,27 AUG 2023,"Nemzeti Atlétikai Központ, Budapest (HUN)",6.
Hagos GEBRHIWET,ETH,,24 AUG 2023,"Nemzeti Atlétikai Központ, Budapest (HUN)",10.
Hagos GEBRHIWET,ETH,,09 AUG 2017,"Olympic Stadium, London (GBR)",
Hagos GEBRHIWET,ETH,,29 AUG 2015,"National Stadium, Beijing (CHN)",3.
Hagos GEBRHIWET,ETH,,26 AUG 2015,"National Stadium, Beijing (CHN)",1.
Hagos GEBRHIWET,ETH,,16 AUG 2013,"Luzhniki Stadion, Moskva (RUS)",2.
Hagos GEBRHIWET,ETH,,13 AUG 2013,"Luzhniki Stadion, Moskva (RUS)",1.
Hagos GEBRHIWET,ETH,,22 MAR 2024,"University of Ghana Sports Stadium, Accra (GHA)",1.
Hagos GEBRHIWET,ETH,,14 AUG 2014,"Le Grand Stade, Marrakech (MAR)",
Hagos GEBRHIWET,ETH,,20 AUG 2016,"Estádio Olímpico, Rio de Janeiro (BRA)",3.
Hagos GEBRHIWET,ETH,,17 AUG 2016,"Estádio Olímpico, Rio de Janeiro (BRA)",1.
Hagos GEBRHIWET,ETH,,11 AUG 2012,"Olympic Stadium, London (GBR)",11.
Hagos GEBRHIWET,ETH,,08 AUG 2012,"Olympic Stadium, London (GBR)",5.
Hagos GEBRHIWET,ETH,,27 AUG 2023,"Nemzeti Atlétikai Központ, Budapest (HUN)",6.
Hagos GEBRHIWET,ETH,,24 AUG 2023,"Nemzeti Atlétikai Központ, Budapest (HUN)",10.
Hagos GEBRHIWET,ETH,,09 AUG 2017,"Olympic Stadium, London (GBR)",
Hagos GEBRHIWET,ETH,,29 AUG 2015,"National Stadium, Beijing (CHN)",3.
Hagos GEBRHIWET,ETH,,26 AUG 2015,"National Stadium, Beijing (CHN)",1.
Hagos GEBRHIWET,ETH,,16 AUG 2013,"Luzhniki Stadion, Moskva (RUS)",2.
Hagos GEBRHIWET,ETH,,13 AUG 2013,"Luzhniki Stadion, Moskva (RUS)",1.
Hagos GEBRHIWET,ETH,,22 MAR 2024,"University of Ghana Sports Stadium, Accra (GHA)",1.
Hagos GEBRHIWET,ETH,,14 AUG 2014,"Le Grand Stade, Marrakech (MAR)",
Hagos GEBRHIWET,ETH,1296,30 MAY 2024,"Bislett Stadion, Oslo (NOR)",
Hagos GEBRHIWET,ETH,1296,30 MAY 2024,"Bislett Stadion, Oslo (NOR)",
Hagos GEBRHIWET,ETH,,,,
Hagos GEBRHIWET,ETH,,,,
Hagos GEBRHIWET,ETH,,,,
Hagos GEBRHIWET,ETH,,,,
Hagos GEBRHIWET,ETH,,,,
Hagos GEBRHIWET,ETH,,,,
Hagos GEBRHIWET,ETH,,,,
Hagos GEBRHIWET,ETH,,,,
Hagos GEBRHIWET,ETH,,,,
Hagos GEBRHIWET,ETH,,,,
Hagos GEBRHIWET,ETH,,,,
Hagos GEBRHIWET,ETH,,20 AUG 2016,"Estádio Olímpico, Rio de Janeiro (BRA)",3.
Hagos GEBRHIWET,ETH,,16 AUG 2013,"Luzhniki Stadion, Moskva (RUS)",2.
Hagos GEBRHIWET,ETH,,29 AUG 2015,"National Stadium, Beijing (CHN)",3.
Hagos GEBRHIWET,ETH,,27 AUG 2023,"Nemzeti Atlétikai Központ, Budapest (HUN)",6.
Hagos GEBRHIWET,ETH,,01 SEP 2016,"Letzigrund, Zürich (SUI)",1.
Hagos GEBRHIWET,ETH,,22 MAR 2024,"University of Ghana Sports Stadium, Accra (GHA)",1.
Hagos GEBRHIWET,ETH,,30 MAY 2024,"Bislett Stadion, Oslo (NOR)",1.
Hagos GEBRHIWET,ETH,,21 JUL 2023,"Stade Louis II, Monaco (MON)",1.
Hagos GEBRHIWET,ETH,,20 JUL 2019,"Olympic Stadium, London (GBR)",1.
Hagos GEBRHIWET,ETH,,01 SEP 2016,"Letzigrund, Zürich (SUI)",1.
Hagos GEBRHIWET,ETH,,09 JUN 2016,"Bislett Stadion, Oslo (NOR)",1.
Hagos GEBRHIWET,ETH,,11 JUL 2014,"Hampden Park, Glasgow (GBR)",1.
Hagos GEBRHIWET,ETH,,25 MAY 2013,"Icahn Stadium, New York, NY (USA)",1.
Hagos GEBRHIWET,ETH,,19 MAY 2012,"Shanghai Stadium, Shanghai (CHN)",1.
Hagos GEBRHIWET,ETH,,,,
Hagos GEBRHIWET,ETH,,,,
Berihu AREGAWI,ETH,1282,30 JUN 2023,"Stade Olympique de la Pontaise, Lausanne (SUI)",
Berihu AREGAWI,ETH,1239,17 MAY 2024,"Drake Stadium, Los Angeles, CA (USA)",
Berihu AREGAWI,ETH,1154,23 AUG 2018,Rovereto (ITA),
Berihu AREGAWI,ETH,1177,03 OCT 2020,"Nyayo National Stadium, Nairobi (KEN)",
Berihu AREGAWI,ETH,1246,28 MAY 2022,"Hayward Field, Eugene, OR (USA)",
Berihu AREGAWI,ETH,1282,30 JUN 2023,"Stade Olympique de la Pontaise, Lausanne (SUI)",
Berihu AREGAWI,ETH,1239,17 MAY 2024,"Drake Stadium, Los Angeles, CA (USA)",
Berihu AREGAWI,ETH,,27 AUG 2023,"Nemzeti Atlétikai Központ, Budapest (HUN)",8.
Berihu AREGAWI,ETH,,30 JUN 2023,"Stade Olympique de la Pontaise, Lausanne (SUI)",1.
Berihu AREGAWI,ETH,,28 MAY 2022,"Hayward Field, Eugene, OR (USA)",1.
Berihu AREGAWI,ETH,1239,17 MAY 2024,"Drake Stadium, Los Angeles, CA (USA)",2.
Berihu AREGAWI,ETH,,27 AUG 2023,"Nemzeti Atlétikai Központ, Budapest (HUN)",8.
Berihu AREGAWI,ETH,,24 AUG 2023,"Nemzeti Atlétikai Központ, Budapest (HUN)",4.
Berihu AREGAWI,ETH,,27 AUG 2023,"Nemzeti Atlétikai Központ, Budapest (HUN)",8.
Berihu AREGAWI,ETH,,24 AUG 2023,"Nemzeti Atlétikai Központ, Budapest (HUN)",4.
Berihu AREGAWI,ETH,1282,30 JUN 2023,"Stade Olympique de la Pontaise, Lausanne (SUI)",
Berihu AREGAWI,ETH,1239,17 MAY 2024,"Drake Stadium, Los Angeles, CA (USA)",
Berihu AREGAWI,ETH,,,,
Berihu AREGAWI,ETH,,,,
Berihu AREGAWI,ETH,,,,
Berihu AREGAWI,ETH,,,,
Berihu AREGAWI,ETH,,,,
Berihu AREGAWI,ETH,,27 AUG 2023,"Nemzeti Atlétikai Központ, Budapest (HUN)",8.
Berihu AREGAWI,ETH,,30 JUN 2023,"Stade Olympique de la Pontaise, Lausanne (SUI)",1.
Berihu AREGAWI,ETH,,28 MAY 2022,"Hayward Field, Eugene, OR (USA)",1.
Berihu AREGAWI,ETH,,,,
Telahun Haile BEKELE,ETH,1274,21 JUL 2023,"Stade Louis II, Monaco (MON)",
Telahun Haile BEKELE,ETH,1206,22 JUN 2024,"LAZ Wien, Wien (AUT)",
Telahun Haile BEKELE,ETH,1051,21 MAY 2017,Addis Abeba (ETH),
Telahun Haile BEKELE,ETH,1193,08 JUN 2018,Huelva (ESP),
Telahun Haile BEKELE,ETH,1235,06 JUN 2019,"Stadio Olimpico, Roma (ITA)",
Telahun Haile BEKELE,ETH,1143,10 JUN 2021,"Stadio Luigi Ridolfi, Firenze (ITA)",
Telahun Haile BEKELE,ETH,1220,09 JUN 2022,"Stadio Olimpico, Roma (ITA)",
Telahun Haile BEKELE,ETH,1274,21 JUL 2023,"Stade Louis II, Monaco (MON)",
Telahun Haile BEKELE,ETH,1206,22 JUN 2024,"LAZ Wien, Wien (AUT)",
Telahun Haile BEKELE,ETH,,30 SEP 2019,"Khalifa International Stadium, Doha (QAT)",4.
Telahun Haile BEKELE,ETH,,14 JUL 2018,"Ratinan Stadion, Tampere (FIN)",5.
Telahun Haile BEKELE,ETH,,16 JUN 2022,"Bislett Stadion, Oslo (NOR)",1.
Telahun Haile BEKELE,ETH,,06 JUN 2019,"Stadio Olimpico, Roma (ITA)",1.
Telahun Haile BEKELE,ETH,,11 MAY 2019,Addis Abeba (ETH),1.
Telahun Haile BEKELE,ETH,1178,30 MAY 2024,"Bislett Stadion, Oslo (NOR)",14.
Telahun Haile BEKELE,ETH,1206,22 JUN 2024,"LAZ Wien, Wien (AUT)",2.
Telahun Haile BEKELE,ETH,1205,07 JUL 2024,"FBK Stadium, Hengelo (NED)",1.
Telahun Haile BEKELE,ETH,,21 JUL 2022,"Hayward Field, Eugene, OR (USA)",16.
Telahun Haile BEKELE,ETH,,30 SEP 2019,"Khalifa International Stadium, Doha (QAT)",4.
Telahun Haile BEKELE,ETH,,27 SEP 2019,"Khalifa International Stadium, Doha (QAT)",2.
Telahun Haile BEKELE,ETH,,14 JUL 2018,"Ratinan Stadion, Tampere (FIN)",5.
Telahun Haile BEKELE,ETH,,21 JUL 2022,"Hayward Field, Eugene, OR (USA)",16.
Telahun Haile BEKELE,ETH,,30 SEP 2019,"Khalifa International Stadium, Doha (QAT)",4.
Telahun Haile BEKELE,ETH,,27 SEP 2019,"Khalifa International Stadium, Doha (QAT)",2.
Telahun Haile BEKELE,ETH,,14 JUL 2018,"Ratinan Stadion, Tampere (FIN)",5.
Telahun Haile BEKELE,ETH,1274,21 JUL 2023,"Stade Louis II, Monaco (MON)",
Telahun Haile BEKELE,ETH,1206,22 JUN 2024,"LAZ Wien, Wien (AUT)",
Telahun Haile BEKELE,ETH,,,,
Telahun Haile BEKELE,ETH,,,,
Telahun Haile BEKELE,ETH,,,,
Telahun Haile BEKELE,ETH,,,,
Telahun Haile BEKELE,ETH,,,,
Telahun Haile BEKELE,ETH,,,,
Telahun Haile BEKELE,ETH,,,,
Telahun Haile BEKELE,ETH,,30 SEP 2019,"Khalifa International Stadium, Doha (QAT)",4.
Telahun Haile BEKELE,ETH,,14 JUL 2018,"Ratinan Stadion, Tampere (FIN)",5.
Telahun Haile BEKELE,ETH,,16 JUN 2022,"Bislett Stadion, Oslo (NOR)",1.
Telahun Haile BEKELE,ETH,,06 JUN 2019,"Stadio Olimpico, Roma (ITA)",1.
Telahun Haile BEKELE,ETH,,11 MAY 2019,Addis Abeba (ETH),1.
Telahun Haile BEKELE,ETH,,,,
Telahun Haile BEKELE,ETH,,,,
Telahun Haile BEKELE,ETH,,,,
Jakob INGEBRIGTSEN,NOR,1252,10 JUN 2021,"Stadio Luigi Ridolfi, Firenze (ITA)",
Jakob INGEBRIGTSEN,NOR,1158,29 JUN 2024,"Sandnes Stadion, Sandnes (NOR)",
Jakob INGEBRIGTSEN,NOR,875,07 AUG 2016,Brandbu (NOR),
Jakob INGEBRIGTSEN,NOR,1082,25 AUG 2017,Sandnes (NOR),
Jakob INGEBRIGTSEN,NOR,1148,11 AUG 2018,"Olympiastadion, Berlin (GER)",
Jakob INGEBRIGTSEN,NOR,1202,20 JUL 2019,"Olympic Stadium, London (GBR)",
Jakob INGEBRIGTSEN,NOR,1252,10 JUN 2021,"Stadio Luigi Ridolfi, Firenze (ITA)",
Jakob INGEBRIGTSEN,NOR,1202,06 MAY 2022,"JSerra Catholic HS, San Juan Capistrano, CA (USA)",
Jakob INGEBRIGTSEN,NOR,1169,27 AUG 2023,"Nemzeti Atlétikai Központ, Budapest (HUN)",
Jakob INGEBRIGTSEN,NOR,1158,29 JUN 2024,"Sandnes Stadion, Sandnes (NOR)",
Jakob INGEBRIGTSEN,NOR,,27 AUG 2023,"Nemzeti Atlétikai Központ, Budapest (HUN)",1.
Jakob INGEBRIGTSEN,NOR,,24 JUL 2022,"Hayward Field, Eugene, OR (USA)",1.
Jakob INGEBRIGTSEN,NOR,,30 SEP 2019,"Khalifa International Stadium, Doha (QAT)",5.
Jakob INGEBRIGTSEN,NOR,,14 JUL 2018,"Ratinan Stadion, Tampere (FIN)",3.
Jakob INGEBRIGTSEN,NOR,,08 JUN 2024,"Stadio Olimpico, Roma (ITA)",1.
Jakob INGEBRIGTSEN,NOR,,16 AUG 2022,"Olympiastadion, München (GER)",1.
Jakob INGEBRIGTSEN,NOR,,11 AUG 2018,"Olympiastadion, Berlin (GER)",1.
Jakob INGEBRIGTSEN,NOR,,10 JUN 2021,"Stadio Luigi Ridolfi, Firenze (ITA)",1.
Jakob INGEBRIGTSEN,NOR,,22 JUL 2017,"Stadio Zecchini, Grosseto (ITA)",1.
Jakob INGEBRIGTSEN,NOR,,29 JUN 2024,"Sandnes Stadion, Sandnes (NOR)",1.
Jakob INGEBRIGTSEN,NOR,,25 AUG 2017,Sandnes (NOR),1.
Jakob INGEBRIGTSEN,NOR,1137,08 JUN 2024,"Stadio Olimpico, Roma (ITA)",1.
Jakob INGEBRIGTSEN,NOR,1158,29 JUN 2024,"Sandnes Stadion, Sandnes (NOR)",1.
Jakob INGEBRIGTSEN,NOR,,27 AUG 2023,"Nemzeti Atlétikai Központ, Budapest (HUN)",1.
Jakob INGEBRIGTSEN,NOR,,24 AUG 2023,"Nemzeti Atlétikai Központ, Budapest (HUN)",11.
Jakob INGEBRIGTSEN,NOR,,24 JUL 2022,"Hayward Field, Eugene, OR (USA)",1.
Jakob INGEBRIGTSEN,NOR,,21 JUL 2022,"Hayward Field, Eugene, OR (USA)",2.
Jakob INGEBRIGTSEN,NOR,,30 SEP 2019,"Khalifa International Stadium, Doha (QAT)",5.
Jakob INGEBRIGTSEN,NOR,,27 SEP 2019,"Khalifa International Stadium, Doha (QAT)",12.
Jakob INGEBRIGTSEN,NOR,,08 JUN 2024,"Stadio Olimpico, Roma (ITA)",1.
Jakob INGEBRIGTSEN,NOR,,16 AUG 2022,"Olympiastadion, München (GER)",1.
Jakob INGEBRIGTSEN,NOR,,11 AUG 2018,"Olympiastadion, Berlin (GER)",1.
Jakob INGEBRIGTSEN,NOR,,14 JUL 2018,"Ratinan Stadion, Tampere (FIN)",3.
Jakob INGEBRIGTSEN,NOR,,22 JUL 2017,"Stadio Zecchini, Grosseto (ITA)",1.
Jakob INGEBRIGTSEN,NOR,,27 AUG 2023,"Nemzeti Atlétikai Központ, Budapest (HUN)",1.
Jakob INGEBRIGTSEN,NOR,,24 AUG 2023,"Nemzeti Atlétikai Központ, Budapest (HUN)",11.
Jakob INGEBRIGTSEN,NOR,,24 JUL 2022,"Hayward Field, Eugene, OR (USA)",1.
Jakob INGEBRIGTSEN,NOR,,21 JUL 2022,"Hayward Field, Eugene, OR (USA)",2.
Jakob INGEBRIGTSEN,NOR,,30 SEP 2019,"Khalifa International Stadium, Doha (QAT)",5.
Jakob INGEBRIGTSEN,NOR,,27 SEP 2019,"Khalifa International Stadium, Doha (QAT)",12.
Jakob INGEBRIGTSEN,NOR,,08 JUN 2024,"Stadio Olimpico, Roma (ITA)",1.
Jakob INGEBRIGTSEN,NOR,,16 AUG 2022,"Olympiastadion, München (GER)",1.
Jakob INGEBRIGTSEN,NOR,,11 AUG 2018,"Olympiastadion, Berlin (GER)",1.
Jakob INGEBRIGTSEN,NOR,,14 JUL 2018,"Ratinan Stadion, Tampere (FIN)",3.
Jakob INGEBRIGTSEN,NOR,,22 JUL 2017,"Stadio Zecchini, Grosseto (ITA)",1.
Jakob INGEBRIGTSEN,NOR,1252,10 JUN 2021,"Stadio Luigi Ridolfi, Firenze (ITA)",
Jakob INGEBRIGTSEN,NOR,1158,29 JUN 2024,"Sandnes Stadion, Sandnes (NOR)",
Jakob INGEBRIGTSEN,NOR,,,,
Jakob INGEBRIGTSEN,NOR,,,,
Jakob INGEBRIGTSEN,NOR,,,,
Jakob INGEBRIGTSEN,NOR,,,,
Jakob INGEBRIGTSEN,NOR,,,,
Jakob INGEBRIGTSEN,NOR,,,,
Jakob INGEBRIGTSEN,NOR,,,,
Jakob INGEBRIGTSEN,NOR,,,,
Jakob INGEBRIGTSEN,NOR,,27 AUG 2023,"Nemzeti Atlétikai Központ, Budapest (HUN)",1.
Jakob INGEBRIGTSEN,NOR,,24 JUL 2022,"Hayward Field, Eugene, OR (USA)",1.
Jakob INGEBRIGTSEN,NOR,,30 SEP 2019,"Khalifa International Stadium, Doha (QAT)",5.
Jakob INGEBRIGTSEN,NOR,,14 JUL 2018,"Ratinan Stadion, Tampere (FIN)",3.
Jakob INGEBRIGTSEN,NOR,,08 JUN 2024,"Stadio Olimpico, Roma (ITA)",1.
Jakob INGEBRIGTSEN,NOR,,16 AUG 2022,"Olympiastadion, München (GER)",1.
Jakob INGEBRIGTSEN,NOR,,11 AUG 2018,"Olympiastadion, Berlin (GER)",1.
Jakob INGEBRIGTSEN,NOR,,10 JUN 2021,"Stadio Luigi Ridolfi, Firenze (ITA)",1.
Jakob INGEBRIGTSEN,NOR,,22 JUL 2017,"Stadio Zecchini, Grosseto (ITA)",1.
Jakob INGEBRIGTSEN,NOR,,29 JUN 2024,"Sandnes Stadion, Sandnes (NOR)",1.
Jakob INGEBRIGTSEN,NOR,,25 AUG 2017,Sandnes (NOR),1.
Jakob INGEBRIGTSEN,NOR,,,,
Jakob INGEBRIGTSEN,NOR,,,,
Jacob KIPLIMO,UGA,1280,30 MAY 2024,"Bislett Stadion, Oslo (NOR)",
Jacob KIPLIMO,UGA,1280,30 MAY 2024,"Bislett Stadion, Oslo (NOR)",
Jacob KIPLIMO,UGA,1139,10 JUN 2016,Ponzano Veneto (ITA),
Jacob KIPLIMO,UGA,1160,27 MAY 2017,"Hayward Field, Eugene, OR (USA)",
Jacob KIPLIMO,UGA,1139,10 JUN 2018,"Olympiastadion, Stockholm (SWE)",
Jacob KIPLIMO,UGA,1252,08 SEP 2020,"Mestský Stadion, Ostrava (CZE)",
Jacob KIPLIMO,UGA,1226,29 JUN 2021,"Stadion Allmend, Luzern (SUI)",
Jacob KIPLIMO,UGA,1180,06 AUG 2022,"Alexander Stadium, Birmingham (GBR)",
Jacob KIPLIMO,UGA,1278,15 JUN 2023,"Bislett Stadion, Oslo (NOR)",
Jacob KIPLIMO,UGA,1280,30 MAY 2024,"Bislett Stadion, Oslo (NOR)",
Jacob KIPLIMO,UGA,,06 AUG 2021,"National Stadium, Tokyo (JPN)",5.
Jacob KIPLIMO,UGA,,14 JUL 2018,"Ratinan Stadion, Tampere (FIN)",6.
Jacob KIPLIMO,UGA,,06 AUG 2022,"Alexander Stadium, Birmingham (GBR)",1.
Jacob KIPLIMO,UGA,1236,17 MAY 2024,"Drake Stadium, Los Angeles, CA (USA)",4.
Jacob KIPLIMO,UGA,1280,30 MAY 2024,"Bislett Stadion, Oslo (NOR)",3.
Jacob KIPLIMO,UGA,,06 AUG 2021,"National Stadium, Tokyo (JPN)",5.
Jacob KIPLIMO,UGA,,03 AUG 2021,"National Stadium, Tokyo (JPN)",4.
Jacob KIPLIMO,UGA,,17 AUG 2016,"Estádio Olímpico, Rio de Janeiro (BRA)",11.
Jacob KIPLIMO,UGA,,09 AUG 2017,"Olympic Stadium, London (GBR)",9.
Jacob KIPLIMO,UGA,,06 AUG 2022,"Alexander Stadium, Birmingham (GBR)",1.
Jacob KIPLIMO,UGA,,14 JUL 2018,"Ratinan Stadion, Tampere (FIN)",6.
Jacob KIPLIMO,UGA,,06 AUG 2021,"National Stadium, Tokyo (JPN)",5.
Jacob KIPLIMO,UGA,,03 AUG 2021,"National Stadium, Tokyo (JPN)",4.
Jacob KIPLIMO,UGA,,17 AUG 2016,"Estádio Olímpico, Rio de Janeiro (BRA)",11.
Jacob KIPLIMO,UGA,,09 AUG 2017,"Olympic Stadium, London (GBR)",9.
Jacob KIPLIMO,UGA,,06 AUG 2022,"Alexander Stadium, Birmingham (GBR)",1.
Jacob KIPLIMO,UGA,,14 JUL 2018,"Ratinan Stadion, Tampere (FIN)",6.
Jacob KIPLIMO,UGA,1280,30 MAY 2024,"Bislett Stadion, Oslo (NOR)",
Jacob KIPLIMO,UGA,1280,30 MAY 2024,"Bislett Stadion, Oslo (NOR)",
Jacob KIPLIMO,UGA,,,,
Jacob KIPLIMO,UGA,,,,
Jacob KIPLIMO,UGA,,,,
Jacob KIPLIMO,UGA,,,,
Jacob KIPLIMO,UGA,,,,
Jacob KIPLIMO,UGA,,,,
Jacob KIPLIMO,UGA,,,,
Jacob KIPLIMO,UGA,,,,
Jacob KIPLIMO,UGA,,06 AUG 2021,"National Stadium, Tokyo (JPN)",5.
Jacob KIPLIMO,UGA,,14 JUL 2018,"Ratinan Stadion, Tampere (FIN)",6.
Jacob KIPLIMO,UGA,,06 AUG 2022,"Alexander Stadium, Birmingham (GBR)",1.
Jacob KIPLIMO,UGA,,,,
Jacob KIPLIMO,UGA,,,,
Selemon BAREGA,ETH,1273,31 AUG 2018,"Boudewijnstadion, Bruxelles (BEL)",
Selemon BAREGA,ETH,1241,17 MAY 2024,"Drake Stadium, Los Angeles, CA (USA)",
Selemon BAREGA,ETH,1133,23 JUL 2016,"Zdzisław Krzyszkowiak Stadium, Bydgoszcz (POL)",
Selemon BAREGA,ETH,1226,06 JUL 2017,"Stade Olympique de la Pontaise, Lausanne (SUI)",
Selemon BAREGA,ETH,1273,31 AUG 2018,"Boudewijnstadion, Bruxelles (BEL)",
Selemon BAREGA,ETH,1235,06 JUN 2019,"Stadio Olimpico, Roma (ITA)",
Selemon BAREGA,ETH,1250,08 SEP 2020,"Mestský Stadion, Ostrava (CZE)",
Selemon BAREGA,ETH,1201,12 MAY 2021,"Campo Sportivo Putti, Bergamo (ITA)",
Selemon BAREGA,ETH,1228,09 JUN 2022,"Stadio Olimpico, Roma (ITA)",
Selemon BAREGA,ETH,1231,31 AUG 2023,"Letzigrund, Zürich (SUI)",
Selemon BAREGA,ETH,1241,17 MAY 2024,"Drake Stadium, Los Angeles, CA (USA)",
Selemon BAREGA,ETH,,30 SEP 2019,"Khalifa International Stadium, Doha (QAT)",2.
Selemon BAREGA,ETH,,12 AUG 2017,"Olympic Stadium, London (GBR)",5.
Selemon BAREGA,ETH,,31 AUG 2018,"Boudewijnstadion, Bruxelles (BEL)",1.
Selemon BAREGA,ETH,,23 JUL 2016,"Zdzisław Krzyszkowiak Stadium, Bydgoszcz (POL)",1.
Selemon BAREGA,ETH,,14 JUL 2018,"Ratinan Stadion, Tampere (FIN)",4.
Selemon BAREGA,ETH,,31 AUG 2018,"Boudewijnstadion, Bruxelles (BEL)",1.
Selemon BAREGA,ETH,,27 APR 2024,"Suzhou Olympic Sports Centre, Suzhou (CHN)",1.
Selemon BAREGA,ETH,,18 JUN 2022,"Stade Charléty, Paris (FRA)",1.
Selemon BAREGA,ETH,,10 JUN 2018,"Olympiastadion, Stockholm (SWE)",1.
Selemon BAREGA,ETH,,02 JUL 2017,Tlemcen (ALG),1.
Selemon BAREGA,ETH,1225,27 APR 2024,"Suzhou Olympic Sports Centre, Suzhou (CHN)",1.
Selemon BAREGA,ETH,1241,17 MAY 2024,"Drake Stadium, Los Angeles, CA (USA)",1.
Selemon BAREGA,ETH,,24 JUL 2022,"Hayward Field, Eugene, OR (USA)",12.
Selemon BAREGA,ETH,,21 JUL 2022,"Hayward Field, Eugene, OR (USA)",11.
Selemon BAREGA,ETH,,30 SEP 2019,"Khalifa International Stadium, Doha (QAT)",2.
Selemon BAREGA,ETH,,27 SEP 2019,"Khalifa International Stadium, Doha (QAT)",9.
Selemon BAREGA,ETH,,12 AUG 2017,"Olympic Stadium, London (GBR)",5.
Selemon BAREGA,ETH,,09 AUG 2017,"Olympic Stadium, London (GBR)",1.
Selemon BAREGA,ETH,,14 JUL 2018,"Ratinan Stadion, Tampere (FIN)",4.
Selemon BAREGA,ETH,,02 JUL 2017,Tlemcen (ALG),1.
Selemon BAREGA,ETH,,23 JUL 2016,"Zdzisław Krzyszkowiak Stadium, Bydgoszcz (POL)",1.
Selemon BAREGA,ETH,,24 JUL 2022,"Hayward Field, Eugene, OR (USA)",12.
Selemon BAREGA,ETH,,21 JUL 2022,"Hayward Field, Eugene, OR (USA)",11.
Selemon BAREGA,ETH,,30 SEP 2019,"Khalifa International Stadium, Doha (QAT)",2.
Selemon BAREGA,ETH,,27 SEP 2019,"Khalifa International Stadium, Doha (QAT)",9.
Selemon BAREGA,ETH,,12 AUG 2017,"Olympic Stadium, London (GBR)",5.
Selemon BAREGA,ETH,,09 AUG 2017,"Olympic Stadium, London (GBR)",1.
Selemon BAREGA,ETH,,14 JUL 2018,"Ratinan Stadion, Tampere (FIN)",4.
Selemon BAREGA,ETH,,02 JUL 2017,Tlemcen (ALG),1.
Selemon BAREGA,ETH,,23 JUL 2016,"Zdzisław Krzyszkowiak Stadium, Bydgoszcz (POL)",1.
Selemon BAREGA,ETH,1273,31 AUG 2018,"Boudewijnstadion, Bruxelles (BEL)",
Selemon BAREGA,ETH,1241,17 MAY 2024,"Drake Stadium, Los Angeles, CA (USA)",
Selemon BAREGA,ETH,,,,
Selemon BAREGA,ETH,,,,
Selemon BAREGA,ETH,,,,
Selemon BAREGA,ETH,,,,
Selemon BAREGA,ETH,,,,
Selemon BAREGA,ETH,,,,
Selemon BAREGA,ETH,,,,
Selemon BAREGA,ETH,,,,
Selemon BAREGA,ETH,,,,
Selemon BAREGA,ETH,,30 SEP 2019,"Khalifa International Stadium, Doha (QAT)",2.
Selemon BAREGA,ETH,,12 AUG 2017,"Olympic Stadium, London (GBR)",5.
Selemon BAREGA,ETH,,31 AUG 2018,"Boudewijnstadion, Bruxelles (BEL)",1.
Selemon BAREGA,ETH,,23 JUL 2016,"Zdzisław Krzyszkowiak Stadium, Bydgoszcz (POL)",1.
Selemon BAREGA,ETH,,14 JUL 2018,"Ratinan Stadion, Tampere (FIN)",4.
Selemon BAREGA,ETH,,31 AUG 2018,"Boudewijnstadion, Bruxelles (BEL)",1.
Selemon BAREGA,ETH,,27 APR 2024,"Suzhou Olympic Sports Centre, Suzhou (CHN)",1.
Selemon BAREGA,ETH,,18 JUN 2022,"Stade Charléty, Paris (FRA)",1.
Selemon BAREGA,ETH,,10 JUN 2018,"Olympiastadion, Stockholm (SWE)",1.
Selemon BAREGA,ETH,,02 JUL 2017,Tlemcen (ALG),1.
Selemon BAREGA,ETH,,,,
Selemon BAREGA,ETH,,,,
Grant FISHER,USA,1258,02 SEP 2022,"Boudewijnstadion, Bruxelles (BEL)",
Grant FISHER,USA,1294,16 FEB 2024,"Boston Univ. Track & Tennis Center, Boston, MA (USA) (i)",
Grant FISHER,USA,1294,16 FEB 2024,"Boston Univ. Track & Tennis Center, Boston, MA (USA) (i)",
Grant FISHER,USA,1294,16 FEB 2024,"Boston Univ. Track & Tennis Center, Boston, MA (USA) (i)",
Grant FISHER,USA,1102,10 JUN 2016,"Eugene, OR (USA)",
Grant FISHER,USA,1075,21 APR 2017,"Palo Alto, CA (USA)",
Grant FISHER,USA,1095,24 JUN 2018,"Drake Stadium, Des Moines, IA (USA)",
Grant FISHER,USA,1105,09 JUL 2019,"Azusa, CA (USA)",
Grant FISHER,USA,1167,30 JUN 2020,"Jesuit High School Track, Portland, OR (USA)",
Grant FISHER,USA,1200,06 MAR 2021,"JSerra Catholic HS, San Juan Capistrano, CA (USA)",
Grant FISHER,USA,1258,02 SEP 2022,"Boudewijnstadion, Bruxelles (BEL)",
Grant FISHER,USA,1230,31 AUG 2023,"Letzigrund, Zürich (SUI)",
Grant FISHER,USA,1294,16 FEB 2024,"Boston Univ. Track & Tennis Center, Boston, MA (USA) (i)",
Grant FISHER,USA,1287,12 FEB 2022,"Boston Univ. Track & Tennis Center, Boston, MA (USA) (i)",
Grant FISHER,USA,1294,16 FEB 2024,"Boston Univ. Track & Tennis Center, Boston, MA (USA) (i)",
Grant FISHER,USA,,24 JUL 2022,"Hayward Field, Eugene, OR (USA)",6.
Grant FISHER,USA,,30 JUN 2024,"Hayward Field, Eugene, OR (USA)",1.
Grant FISHER,USA,,26 JUN 2022,"Hayward Field, Eugene, OR (USA)",1.
Grant FISHER,USA,,09 JUN 2017,"Eugene, OR (USA)",1.
Grant FISHER,USA,1234,17 MAY 2024,"Drake Stadium, Los Angeles, CA (USA)",5.
Grant FISHER,USA,1120,27 JUN 2024,"Hayward Field, Eugene, OR (USA)",3.
Grant FISHER,USA,1177,30 JUN 2024,"Hayward Field, Eugene, OR (USA)",1.
Grant FISHER,USA,1294,16 FEB 2024,"Boston Univ. Track & Tennis Center, Boston, MA (USA) (i)",1.
Grant FISHER,USA,,06 AUG 2021,"National Stadium, Tokyo (JPN)",9.
Grant FISHER,USA,,03 AUG 2021,"National Stadium, Tokyo (JPN)",8.
Grant FISHER,USA,,24 JUL 2022,"Hayward Field, Eugene, OR (USA)",6.
Grant FISHER,USA,,21 JUL 2022,"Hayward Field, Eugene, OR (USA)",10.
Grant FISHER,USA,,06 AUG 2021,"National Stadium, Tokyo (JPN)",9.
Grant FISHER,USA,,03 AUG 2021,"National Stadium, Tokyo (JPN)",8.
Grant FISHER,USA,,24 JUL 2022,"Hayward Field, Eugene, OR (USA)",6.
Grant FISHER,USA,,21 JUL 2022,"Hayward Field, Eugene, OR (USA)",10.
Grant FISHER,USA,1258,02 SEP 2022,"Boudewijnstadion, Bruxelles (BEL)",
Grant FISHER,USA,1294,16 FEB 2024,"Boston Univ. Track & Tennis Center, Boston, MA (USA) (i)",
Grant FISHER,USA,1294,16 FEB 2024,"Boston Univ. Track & Tennis Center, Boston, MA (USA) (i)",
Grant FISHER,USA,1294,16 FEB 2024,"Boston Univ. Track & Tennis Center, Boston, MA (USA) (i)",
Grant FISHER,USA,,,,
Grant FISHER,USA,,,,
Grant FISHER,USA,,,,
Grant FISHER,USA,,,,
Grant FISHER,USA,,,,
Grant FISHER,USA,,,,
Grant FISHER,USA,,,,
Grant FISHER,USA,,,,
Grant FISHER,USA,,,,
Grant FISHER,USA,,,,
Grant FISHER,USA,,,,
Grant FISHER,USA,,24 JUL 2022,"Hayward Field, Eugene, OR (USA)",6.
Grant FISHER,USA,,30 JUN 2024,"Hayward Field, Eugene, OR (USA)",1.
Grant FISHER,USA,,26 JUN 2022,"Hayward Field, Eugene, OR (USA)",1.
Grant FISHER,USA,,09 JUN 2017,"Eugene, OR (USA)",1.
Grant FISHER,USA,,,,
Grant FISHER,USA,,,,
Grant FISHER,USA,,,,
Grant FISHER,USA,,,,
Luis GRIJALVA,GUA,1244,30 MAY 2024,"Bislett Stadion, Oslo (NOR)",
Luis GRIJALVA,GUA,1151,24 JAN 2020,"Boston Univ. Track & Tennis Center, Boston, MA (USA) (i)",
Luis GRIJALVA,GUA,1244,30 MAY 2024,"Bislett Stadion, Oslo (NOR)",
Luis GRIJALVA,GUA,1034,30 MAR 2018,"Palo Alto, CA (USA)",
Luis GRIJALVA,GUA,1077,02 MAY 2019,"Palo Alto, CA (USA)",
Luis GRIJALVA,GUA,1149,04 DEC 2020,"JSerra Catholic HS, San Juan Capistrano, CA (USA)",
Luis GRIJALVA,GUA,1173,06 AUG 2021,"National Stadium, Tokyo (JPN)",
Luis GRIJALVA,GUA,1199,02 SEP 2022,"Boudewijnstadion, Bruxelles (BEL)",
Luis GRIJALVA,GUA,1236,02 JUN 2023,"Stadio Luigi Ridolfi, Firenze (ITA)",
Luis GRIJALVA,GUA,1244,30 MAY 2024,"Bislett Stadion, Oslo (NOR)",
Luis GRIJALVA,GUA,866,01 DEC 2018,"Bozeman, MT (USA) (i)",
Luis GRIJALVA,GUA,1007,08 MAR 2019,"Birmingham, AL (USA) (i)",
Luis GRIJALVA,GUA,1151,24 JAN 2020,"Boston Univ. Track & Tennis Center, Boston, MA (USA) (i)",
Luis GRIJALVA,GUA,,27 AUG 2023,"Nemzeti Atlétikai Központ, Budapest (HUN)",4.
Luis GRIJALVA,GUA,,24 JUL 2022,"Hayward Field, Eugene, OR (USA)",4.
Luis GRIJALVA,GUA,1133,12 APR 2024,"Cougar Athletic Stadium, Azusa, CA (USA)",2.
Luis GRIJALVA,GUA,1150,11 MAY 2024,"Jack Kemp Stadium, Los Angeles, CA (USA)",1.
Luis GRIJALVA,GUA,1244,30 MAY 2024,"Bislett Stadion, Oslo (NOR)",6.
Luis GRIJALVA,GUA,,06 AUG 2021,"National Stadium, Tokyo (JPN)",12.
Luis GRIJALVA,GUA,,03 AUG 2021,"National Stadium, Tokyo (JPN)",10.
Luis GRIJALVA,GUA,,27 AUG 2023,"Nemzeti Atlétikai Központ, Budapest (HUN)",4.
Luis GRIJALVA,GUA,,24 AUG 2023,"Nemzeti Atlétikai Központ, Budapest (HUN)",1.
Luis GRIJALVA,GUA,,24 JUL 2022,"Hayward Field, Eugene, OR (USA)",4.
Luis GRIJALVA,GUA,,21 JUL 2022,"Hayward Field, Eugene, OR (USA)",3.
Luis GRIJALVA,GUA,1244,30 MAY 2024,"Bislett Stadion, Oslo (NOR)",
Luis GRIJALVA,GUA,1151,24 JAN 2020,"Boston Univ. Track & Tennis Center, Boston, MA (USA) (i)",
Luis GRIJALVA,GUA,1244,30 MAY 2024,"Bislett Stadion, Oslo (NOR)",
Luis GRIJALVA,GUA,,,,
Luis GRIJALVA,GUA,,,,
Luis GRIJALVA,GUA,,,,
Luis GRIJALVA,GUA,,,,
Luis GRIJALVA,GUA,,,,
Luis GRIJALVA,GUA,,,,
Luis GRIJALVA,GUA,,,,
Luis GRIJALVA,GUA,,,,
Luis GRIJALVA,GUA,,,,
Luis GRIJALVA,GUA,,,,
Luis GRIJALVA,GUA,,27 AUG 2023,"Nemzeti Atlétikai Központ, Budapest (HUN)",4.
Luis GRIJALVA,GUA,,24 JUL 2022,"Hayward Field, Eugene, OR (USA)",4.
Luis GRIJALVA,GUA,,,,
Luis GRIJALVA,GUA,,,,
Luis GRIJALVA,GUA,,,,
Luis GRIJALVA,GUA,,06 AUG 2021,"National Stadium, Tokyo (JPN)",12.
Luis GRIJALVA,GUA,,03 AUG 2021,"National Stadium, Tokyo (JPN)",10.
Luis GRIJALVA,GUA,,27 AUG 2023,"Nemzeti Atlétikai Központ, Budapest (HUN)",4.
Luis GRIJALVA,GUA,,24 AUG 2023,"Nemzeti Atlétikai Központ, Budapest (HUN)",1.
Luis GRIJALVA,GUA,,24 JUL 2022,"Hayward Field, Eugene, OR (USA)",4.
Luis GRIJALVA,GUA,,21 JUL 2022,"Hayward Field, Eugene, OR (USA)",3.
Joshua CHEPTEGEI,UGA,1302,14 AUG 2020,"Stade Louis II, Monaco (MON)",
Joshua CHEPTEGEI,UGA,1239,30 MAY 2024,"Bislett Stadion, Oslo (NOR)",
Joshua CHEPTEGEI,UGA,1092,25 JUL 2014,"Hayward Field, Eugene, OR (USA)",
Joshua CHEPTEGEI,UGA,1107,17 JUL 2015,Kampala (UGA),
Joshua CHEPTEGEI,UGA,1207,14 MAY 2016,"Shanghai Stadium, Shanghai (CHN)",
Joshua CHEPTEGEI,UGA,1210,06 JUL 2017,"Stade Olympique de la Pontaise, Lausanne (SUI)",
Joshua CHEPTEGEI,UGA,1030,08 APR 2018,Gold Coast (AUS),
Joshua CHEPTEGEI,UGA,1219,29 AUG 2019,"Letzigrund, Zürich (SUI)",
Joshua CHEPTEGEI,UGA,1302,14 AUG 2020,"Stade Louis II, Monaco (MON)",
Joshua CHEPTEGEI,UGA,1229,10 JUN 2021,"Stadio Luigi Ridolfi, Firenze (ITA)",
Joshua CHEPTEGEI,UGA,1217,27 MAY 2022,"Hayward Field, Eugene, OR (USA)",
Joshua CHEPTEGEI,UGA,1278,30 JUN 2023,"Stade Olympique de la Pontaise, Lausanne (SUI)",
Joshua CHEPTEGEI,UGA,1239,30 MAY 2024,"Bislett Stadion, Oslo (NOR)",
Joshua CHEPTEGEI,UGA,,06 AUG 2021,"National Stadium, Tokyo (JPN)",1.
Joshua CHEPTEGEI,UGA,,20 AUG 2016,"Estádio Olímpico, Rio de Janeiro (BRA)",8.
Joshua CHEPTEGEI,UGA,,25 JUL 2014,"Hayward Field, Eugene, OR (USA)",4.
Joshua CHEPTEGEI,UGA,,29 AUG 2019,"Letzigrund, Zürich (SUI)",1.
Joshua CHEPTEGEI,UGA,,27 MAY 2022,"Hayward Field, Eugene, OR (USA)",1.
Joshua CHEPTEGEI,UGA,,14 AUG 2020,"Stade Louis II, Monaco (MON)",1.
Joshua CHEPTEGEI,UGA,,08 APR 2018,Gold Coast (AUS),1.
Joshua CHEPTEGEI,UGA,,12 JUL 2014,Kampala (UGA),1.
Joshua CHEPTEGEI,UGA,,07 JUL 2016,Kampala (UGA),1.
Joshua CHEPTEGEI,UGA,1238,17 MAY 2024,"Drake Stadium, Los Angeles, CA (USA)",3.
Joshua CHEPTEGEI,UGA,1239,30 MAY 2024,"Bislett Stadion, Oslo (NOR)",9.
Joshua CHEPTEGEI,UGA,,06 AUG 2021,"National Stadium, Tokyo (JPN)",1.
Joshua CHEPTEGEI,UGA,,03 AUG 2021,"National Stadium, Tokyo (JPN)",5.
Joshua CHEPTEGEI,UGA,,20 AUG 2016,"Estádio Olímpico, Rio de Janeiro (BRA)",8.
Joshua CHEPTEGEI,UGA,,17 AUG 2016,"Estádio Olímpico, Rio de Janeiro (BRA)",4.
Joshua CHEPTEGEI,UGA,,24 AUG 2023,"Nemzeti Atlétikai Központ, Budapest (HUN)",
Joshua CHEPTEGEI,UGA,,24 JUL 2022,"Hayward Field, Eugene, OR (USA)",9.
Joshua CHEPTEGEI,UGA,,21 JUL 2022,"Hayward Field, Eugene, OR (USA)",12.
Joshua CHEPTEGEI,UGA,,08 APR 2018,Gold Coast (AUS),1.
Joshua CHEPTEGEI,UGA,,25 JUL 2014,"Hayward Field, Eugene, OR (USA)",4.
Joshua CHEPTEGEI,UGA,,06 AUG 2021,"National Stadium, Tokyo (JPN)",1.
Joshua CHEPTEGEI,UGA,,03 AUG 2021,"National Stadium, Tokyo (JPN)",5.
Joshua CHEPTEGEI,UGA,,20 AUG 2016,"Estádio Olímpico, Rio de Janeiro (BRA)",8.
Joshua CHEPTEGEI,UGA,,17 AUG 2016,"Estádio Olímpico, Rio de Janeiro (BRA)",4.
Joshua CHEPTEGEI,UGA,,24 AUG 2023,"Nemzeti Atlétikai Központ, Budapest (HUN)",
Joshua CHEPTEGEI,UGA,,24 JUL 2022,"Hayward Field, Eugene, OR (USA)",9.
Joshua CHEPTEGEI,UGA,,21 JUL 2022,"Hayward Field, Eugene, OR (USA)",12.
Joshua CHEPTEGEI,UGA,,08 APR 2018,Gold Coast (AUS),1.
Joshua CHEPTEGEI,UGA,,25 JUL 2014,"Hayward Field, Eugene, OR (USA)",4.
Joshua CHEPTEGEI,UGA,1302,14 AUG 2020,"Stade Louis II, Monaco (MON)",
Joshua CHEPTEGEI,UGA,1239,30 MAY 2024,"Bislett Stadion, Oslo (NOR)",
Joshua CHEPTEGEI,UGA,,,,
Joshua CHEPTEGEI,UGA,,,,
Joshua CHEPTEGEI,UGA,,,,
Joshua CHEPTEGEI,UGA,,,,
Joshua CHEPTEGEI,UGA,,,,
Joshua CHEPTEGEI,UGA,,,,
Joshua CHEPTEGEI,UGA,,,,
Joshua CHEPTEGEI,UGA,,,,
Joshua CHEPTEGEI,UGA,,,,
Joshua CHEPTEGEI,UGA,,,,
Joshua CHEPTEGEI,UGA,,,,
Joshua CHEPTEGEI,UGA,,06 AUG 2021,"National Stadium, Tokyo (JPN)",1.
Joshua CHEPTEGEI,UGA,,20 AUG 2016,"Estádio Olímpico, Rio de Janeiro (BRA)",8.
Joshua CHEPTEGEI,UGA,,25 JUL 2014,"Hayward Field, Eugene, OR (USA)",4.
Joshua CHEPTEGEI,UGA,,29 AUG 2019,"Letzigrund, Zürich (SUI)",1.
Joshua CHEPTEGEI,UGA,,27 MAY 2022,"Hayward Field, Eugene, OR (USA)",1.
Joshua CHEPTEGEI,UGA,,14 AUG 2020,"Stade Louis II, Monaco (MON)",1.
Joshua CHEPTEGEI,UGA,,08 APR 2018,Gold Coast (AUS),1.
Joshua CHEPTEGEI,UGA,,12 JUL 2014,Kampala (UGA),1.
Joshua CHEPTEGEI,UGA,,07 JUL 2016,Kampala (UGA),1.
Joshua CHEPTEGEI,UGA,,,,
Joshua CHEPTEGEI,UGA,,,,
Dominic Lokinyomo LOBALU,SUI,1243,30 MAY 2024,"Bislett Stadion, Oslo (NOR)",
Dominic Lokinyomo LOBALU,SUI,1243,30 MAY 2024,"Bislett Stadion, Oslo (NOR)",
Dominic Lokinyomo LOBALU,SUI,990,16 JUN 2020,"Meierwiesen Stadion, Wetzikon (SUI)",
Dominic Lokinyomo LOBALU,SUI,1088,29 JUN 2021,"Stadion Allmend, Luzern (SUI)",
Dominic Lokinyomo LOBALU,SUI,1239,02 SEP 2022,"Boudewijnstadion, Bruxelles (BEL)",
Dominic Lokinyomo LOBALU,SUI,1184,31 AUG 2023,"Letzigrund, Zürich (SUI)",
Dominic Lokinyomo LOBALU,SUI,1243,30 MAY 2024,"Bislett Stadion, Oslo (NOR)",
Dominic Lokinyomo LOBALU,SUI,,08 JUN 2024,"Stadio Olimpico, Roma (ITA)",3.
Dominic Lokinyomo LOBALU,SUI,1243,30 MAY 2024,"Bislett Stadion, Oslo (NOR)",7.
Dominic Lokinyomo LOBALU,SUI,1132,08 JUN 2024,"Stadio Olimpico, Roma (ITA)",3.
Dominic Lokinyomo LOBALU,SUI,,08 JUN 2024,"Stadio Olimpico, Roma (ITA)",3.
Dominic Lokinyomo LOBALU,SUI,,08 JUN 2024,"Stadio Olimpico, Roma (ITA)",3.
Dominic Lokinyomo LOBALU,SUI,1243,30 MAY 2024,"Bislett Stadion, Oslo (NOR)",
Dominic Lokinyomo LOBALU,SUI,1243,30 MAY 2024,"Bislett Stadion, Oslo (NOR)",
Dominic Lokinyomo LOBALU,SUI,,,,
Dominic Lokinyomo LOBALU,SUI,,,,
Dominic Lokinyomo LOBALU,SUI,,,,
Dominic Lokinyomo LOBALU,SUI,,,,
Dominic Lokinyomo LOBALU,SUI,,,,
Dominic Lokinyomo LOBALU,SUI,,08 JUN 2024,"Stadio Olimpico, Roma (ITA)",3.
Dominic Lokinyomo LOBALU,SUI,,,,
Dominic Lokinyomo LOBALU,SUI,,,,
Biniam MEHARY,ETH,1231,17 MAY 2024,"Drake Stadium, Los Angeles, CA (USA)",
Biniam MEHARY,ETH,1231,17 MAY 2024,"Drake Stadium, Los Angeles, CA (USA)",
Biniam MEHARY,ETH,1231,17 MAY 2024,"Drake Stadium, Los Angeles, CA (USA)",
Biniam MEHARY,ETH,1223,27 APR 2024,"Suzhou Olympic Sports Centre, Suzhou (CHN)",2.
Biniam MEHARY,ETH,1231,17 MAY 2024,"Drake Stadium, Los Angeles, CA (USA)",6.
Biniam MEHARY,ETH,1231,17 MAY 2024,"Drake Stadium, Los Angeles, CA (USA)",
Biniam MEHARY,ETH,1231,17 MAY 2024,"Drake Stadium, Los Angeles, CA (USA)",
Biniam MEHARY,ETH,,,,
Biniam MEHARY,ETH,,,,
Biniam MEHARY,ETH,,,,
Thierry NDIKUMWENAYO,ESP,1254,30 MAY 2024,"Bislett Stadion, Oslo (NOR)",
Thierry NDIKUMWENAYO,ESP,1254,30 MAY 2024,"Bislett Stadion, Oslo (NOR)",
Thierry NDIKUMWENAYO,ESP,1111,17 SEP 2015,Brazzaville (CGO),
Thierry NDIKUMWENAYO,ESP,1115,26 JUN 2016,Durban (RSA),
Thierry NDIKUMWENAYO,ESP,1118,18 JUL 2017,Bellinzona (SUI),
Thierry NDIKUMWENAYO,ESP,1074,27 MAY 2018,Birmingham (GBR),
Thierry NDIKUMWENAYO,ESP,1086,20 JUL 2019,Heusden-Zolder (BEL),
Thierry NDIKUMWENAYO,ESP,1113,24 AUG 2020,Castellón (ESP),
Thierry NDIKUMWENAYO,ESP,1119,03 JUN 2021,"Estadio Iberoamericano, Huelva (ESP)",
Thierry NDIKUMWENAYO,ESP,1212,09 JUN 2022,"Stadio Olimpico, Roma (ITA)",
Thierry NDIKUMWENAYO,ESP,1226,21 JUL 2023,"Stade Louis II, Monaco (MON)",
Thierry NDIKUMWENAYO,ESP,1254,30 MAY 2024,"Bislett Stadion, Oslo (NOR)",
Thierry NDIKUMWENAYO,ESP,,08 JUN 2024,"Stadio Olimpico, Roma (ITA)",5.
Thierry NDIKUMWENAYO,ESP,,26 JUN 2016,Durban (RSA),7.
Thierry NDIKUMWENAYO,ESP,,25 JUN 2023,"Stadion Śląski, Chorzów (POL)",1.
Thierry NDIKUMWENAYO,ESP,,28 JUN 2024,"Estadi Olímpic Camilo Cano, La Nucia (ESP)",1.
Thierry NDIKUMWENAYO,ESP,1254,30 MAY 2024,"Bislett Stadion, Oslo (NOR)",4.
Thierry NDIKUMWENAYO,ESP,1126,08 JUN 2024,"Stadio Olimpico, Roma (ITA)",5.
Thierry NDIKUMWENAYO,ESP,1134,28 JUN 2024,"Estadi Olímpic Camilo Cano, La Nucia (ESP)",1.
Thierry NDIKUMWENAYO,ESP,,24 AUG 2023,"Nemzeti Atlétikai Központ, Budapest (HUN)",17.
Thierry NDIKUMWENAYO,ESP,,08 JUN 2024,"Stadio Olimpico, Roma (ITA)",5.
Thierry NDIKUMWENAYO,ESP,,26 JUN 2016,Durban (RSA),7.
Thierry NDIKUMWENAYO,ESP,,17 SEP 2015,Brazzaville (CGO),9.
Thierry NDIKUMWENAYO,ESP,,23 JUL 2016,"Zdzisław Krzyszkowiak Stadium, Bydgoszcz (POL)",
Thierry NDIKUMWENAYO,ESP,,08 MAR 2015,Addis Abeba (ETH),7.
Thierry NDIKUMWENAYO,ESP,,24 AUG 2023,"Nemzeti Atlétikai Központ, Budapest (HUN)",17.
Thierry NDIKUMWENAYO,ESP,,08 JUN 2024,"Stadio Olimpico, Roma (ITA)",5.
Thierry NDIKUMWENAYO,ESP,,26 JUN 2016,Durban (RSA),7.
Thierry NDIKUMWENAYO,ESP,,17 SEP 2015,Brazzaville (CGO),9.
Thierry NDIKUMWENAYO,ESP,,23 JUL 2016,"Zdzisław Krzyszkowiak Stadium, Bydgoszcz (POL)",
Thierry NDIKUMWENAYO,ESP,,08 MAR 2015,Addis Abeba (ETH),7.
Thierry NDIKUMWENAYO,ESP,1254,30 MAY 2024,"Bislett Stadion, Oslo (NOR)",
Thierry NDIKUMWENAYO,ESP,1254,30 MAY 2024,"Bislett Stadion, Oslo (NOR)",
Thierry NDIKUMWENAYO,ESP,,,,
Thierry NDIKUMWENAYO,ESP,,,,
Thierry NDIKUMWENAYO,ESP,,,,
Thierry NDIKUMWENAYO,ESP,,,,
Thierry NDIKUMWENAYO,ESP,,,,
Thierry NDIKUMWENAYO,ESP,,,,
Thierry NDIKUMWENAYO,ESP,,,,
Thierry NDIKUMWENAYO,ESP,,,,
Thierry NDIKUMWENAYO,ESP,,,,
Thierry NDIKUMWENAYO,ESP,,,,
Thierry NDIKUMWENAYO,ESP,,08 JUN 2024,"Stadio Olimpico, Roma (ITA)",5.
Thierry NDIKUMWENAYO,ESP,,26 JUN 2016,Durban (RSA),7.
Thierry NDIKUMWENAYO,ESP,,25 JUN 2023,"Stadion Śląski, Chorzów (POL)",1.
Thierry NDIKUMWENAYO,ESP,,28 JUN 2024,"Estadi Olímpic Camilo Cano, La Nucia (ESP)",1.
Thierry NDIKUMWENAYO,ESP,,,,
Thierry NDIKUMWENAYO,ESP,,,,
Thierry NDIKUMWENAYO,ESP,,,,
Nicholas KIPKORIR,KEN,1260,09 JUN 2022,"Stadio Olimpico, Roma (ITA)",
Nicholas KIPKORIR,KEN,1210,20 APR 2024,"Egret Stadium, Xiamen (CHN)",
Nicholas KIPKORIR,KEN,1002,09 JUL 2015,Nairobi (KEN),
Nicholas KIPKORIR,KEN,1052,22 JUN 2016,Nairobi (KEN),
Nicholas KIPKORIR,KEN,1168,27 AUG 2017,"Olympiastadion, Berlin (GER)",
Nicholas KIPKORIR,KEN,1107,17 FEB 2018,Nairobi (KEN),
Nicholas KIPKORIR,KEN,1217,09 JUN 2019,"FBK Stadium, Hengelo (NED)",
Nicholas KIPKORIR,KEN,1240,14 AUG 2020,"Stade Louis II, Monaco (MON)",
Nicholas KIPKORIR,KEN,1213,06 AUG 2021,"National Stadium, Tokyo (JPN)",
Nicholas KIPKORIR,KEN,1260,09 JUN 2022,"Stadio Olimpico, Roma (ITA)",
Nicholas KIPKORIR,KEN,1226,21 JUL 2023,"Stade Louis II, Monaco (MON)",
Nicholas KIPKORIR,KEN,1210,20 APR 2024,"Egret Stadium, Xiamen (CHN)",
Nicholas KIPKORIR,KEN,,06 AUG 2021,"National Stadium, Tokyo (JPN)",4.
Nicholas KIPKORIR,KEN,,24 JUL 2022,"Hayward Field, Eugene, OR (USA)",7.
Nicholas KIPKORIR,KEN,,30 SEP 2019,"Khalifa International Stadium, Doha (QAT)",8.
Nicholas KIPKORIR,KEN,,09 JUN 2022,"Stadio Olimpico, Roma (ITA)",1.
Nicholas KIPKORIR,KEN,,06 AUG 2022,"Alexander Stadium, Birmingham (GBR)",2.
Nicholas KIPKORIR,KEN,,02 JUL 2017,Tlemcen (ALG),3.
Nicholas KIPKORIR,KEN,1210,20 APR 2024,"Egret Stadium, Xiamen (CHN)",2.
Nicholas KIPKORIR,KEN,1201,07 JUL 2024,"FBK Stadium, Hengelo (NED)",2.
Nicholas KIPKORIR,KEN,,06 AUG 2021,"National Stadium, Tokyo (JPN)",4.
Nicholas KIPKORIR,KEN,,03 AUG 2021,"National Stadium, Tokyo (JPN)",11.
Nicholas KIPKORIR,KEN,,24 AUG 2023,"Nemzeti Atlétikai Központ, Budapest (HUN)",29.
Nicholas KIPKORIR,KEN,,24 JUL 2022,"Hayward Field, Eugene, OR (USA)",7.
Nicholas KIPKORIR,KEN,,21 JUL 2022,"Hayward Field, Eugene, OR (USA)",15.
Nicholas KIPKORIR,KEN,,30 SEP 2019,"Khalifa International Stadium, Doha (QAT)",8.
Nicholas KIPKORIR,KEN,,27 SEP 2019,"Khalifa International Stadium, Doha (QAT)",5.
Nicholas KIPKORIR,KEN,,06 AUG 2022,"Alexander Stadium, Birmingham (GBR)",2.
Nicholas KIPKORIR,KEN,,08 APR 2018,Gold Coast (AUS),9.
Nicholas KIPKORIR,KEN,,02 JUL 2017,Tlemcen (ALG),3.
Nicholas KIPKORIR,KEN,,06 AUG 2021,"National Stadium, Tokyo (JPN)",4.
Nicholas KIPKORIR,KEN,,03 AUG 2021,"National Stadium, Tokyo (JPN)",11.
Nicholas KIPKORIR,KEN,,24 AUG 2023,"Nemzeti Atlétikai Központ, Budapest (HUN)",29.
Nicholas KIPKORIR,KEN,,24 JUL 2022,"Hayward Field, Eugene, OR (USA)",7.
Nicholas KIPKORIR,KEN,,21 JUL 2022,"Hayward Field, Eugene, OR (USA)",15.
Nicholas KIPKORIR,KEN,,30 SEP 2019,"Khalifa International Stadium, Doha (QAT)",8.
Nicholas KIPKORIR,KEN,,27 SEP 2019,"Khalifa International Stadium, Doha (QAT)",5.
Nicholas KIPKORIR,KEN,,06 AUG 2022,"Alexander Stadium, Birmingham (GBR)",2.
Nicholas KIPKORIR,KEN,,08 APR 2018,Gold Coast (AUS),9.
Nicholas KIPKORIR,KEN,,02 JUL 2017,Tlemcen (ALG),3.
Nicholas KIPKORIR,KEN,1260,09 JUN 2022,"Stadio Olimpico, Roma (ITA)",
Nicholas KIPKORIR,KEN,1210,20 APR 2024,"Egret Stadium, Xiamen (CHN)",
Nicholas KIPKORIR,KEN,,,,
Nicholas KIPKORIR,KEN,,,,
Nicholas KIPKORIR,KEN,,,,
Nicholas KIPKORIR,KEN,,,,
Nicholas KIPKORIR,KEN,,,,
Nicholas KIPKORIR,KEN,,,,
Nicholas KIPKORIR,KEN,,,,
Nicholas KIPKORIR,KEN,,,,
Nicholas KIPKORIR,KEN,,,,
Nicholas KIPKORIR,KEN,,,,
Nicholas KIPKORIR,KEN,,06 AUG 2021,"National Stadium, Tokyo (JPN)",4.
Nicholas KIPKORIR,KEN,,24 JUL 2022,"Hayward Field, Eugene, OR (USA)",7.
Nicholas KIPKORIR,KEN,,30 SEP 2019,"Khalifa International Stadium, Doha (QAT)",8.
Nicholas KIPKORIR,KEN,,09 JUN 2022,"Stadio Olimpico, Roma (ITA)",1.
Nicholas KIPKORIR,KEN,,06 AUG 2022,"Alexander Stadium, Birmingham (GBR)",2.
Nicholas KIPKORIR,KEN,,02 JUL 2017,Tlemcen (ALG),3.
Nicholas KIPKORIR,KEN,,,,
Nicholas KIPKORIR,KEN,,,,
Jacob KROP,KEN,1263,02 SEP 2022,"Boudewijnstadion, Bruxelles (BEL)",
Jacob KROP,KEN,1111,15 JUN 2024,"Nyayo National Stadium, Nairobi (KEN)",
Jacob KROP,KEN,1198,30 SEP 2019,"Khalifa International Stadium, Doha (QAT)",
Jacob KROP,KEN,1168,14 AUG 2020,"Stade Louis II, Monaco (MON)",
Jacob KROP,KEN,1125,18 SEP 2021,"Moi International Sports Centre, Kasarani, Nairobi (KEN)",
Jacob KROP,KEN,1263,02 SEP 2022,"Boudewijnstadion, Bruxelles (BEL)",
Jacob KROP,KEN,1261,21 JUL 2023,"Stade Louis II, Monaco (MON)",
Jacob KROP,KEN,1111,15 JUN 2024,"Nyayo National Stadium, Nairobi (KEN)",
Jacob KROP,KEN,,24 JUL 2022,"Hayward Field, Eugene, OR (USA)",2.
Jacob KROP,KEN,,27 AUG 2023,"Nemzeti Atlétikai Központ, Budapest (HUN)",3.
Jacob KROP,KEN,,30 SEP 2019,"Khalifa International Stadium, Doha (QAT)",6.
Jacob KROP,KEN,,02 SEP 2022,"Boudewijnstadion, Bruxelles (BEL)",1.
Jacob KROP,KEN,,06 AUG 2022,"Alexander Stadium, Birmingham (GBR)",3.
Jacob KROP,KEN,,19 APR 2019,Abidjan (CIV),2.
Jacob KROP,KEN,1111,15 JUN 2024,"Nyayo National Stadium, Nairobi (KEN)",2.
Jacob KROP,KEN,,27 AUG 2023,"Nemzeti Atlétikai Központ, Budapest (HUN)",3.
Jacob KROP,KEN,,24 AUG 2023,"Nemzeti Atlétikai Központ, Budapest (HUN)",7.
Jacob KROP,KEN,,24 JUL 2022,"Hayward Field, Eugene, OR (USA)",2.
Jacob KROP,KEN,,21 JUL 2022,"Hayward Field, Eugene, OR (USA)",1.
Jacob KROP,KEN,,30 SEP 2019,"Khalifa International Stadium, Doha (QAT)",6.
Jacob KROP,KEN,,27 SEP 2019,"Khalifa International Stadium, Doha (QAT)",10.
Jacob KROP,KEN,,06 AUG 2022,"Alexander Stadium, Birmingham (GBR)",3.
Jacob KROP,KEN,,19 APR 2019,Abidjan (CIV),2.
Jacob KROP,KEN,,27 AUG 2023,"Nemzeti Atlétikai Központ, Budapest (HUN)",3.
Jacob KROP,KEN,,24 AUG 2023,"Nemzeti Atlétikai Központ, Budapest (HUN)",7.
Jacob KROP,KEN,,24 JUL 2022,"Hayward Field, Eugene, OR (USA)",2.
Jacob KROP,KEN,,21 JUL 2022,"Hayward Field, Eugene, OR (USA)",1.
Jacob KROP,KEN,,30 SEP 2019,"Khalifa International Stadium, Doha (QAT)",6.
Jacob KROP,KEN,,27 SEP 2019,"Khalifa International Stadium, Doha (QAT)",10.
Jacob KROP,KEN,,06 AUG 2022,"Alexander Stadium, Birmingham (GBR)",3.
Jacob KROP,KEN,,19 APR 2019,Abidjan (CIV),2.
Jacob KROP,KEN,1263,02 SEP 2022,"Boudewijnstadion, Bruxelles (BEL)",
Jacob KROP,KEN,1111,15 JUN 2024,"Nyayo National Stadium, Nairobi (KEN)",
Jacob KROP,KEN,,,,
Jacob KROP,KEN,,,,
Jacob KROP,KEN,,,,
Jacob KROP,KEN,,,,
Jacob KROP,KEN,,,,
Jacob KROP,KEN,,,,
Jacob KROP,KEN,,24 JUL 2022,"Hayward Field, Eugene, OR (USA)",2.
Jacob KROP,KEN,,27 AUG 2023,"Nemzeti Atlétikai Központ, Budapest (HUN)",3.
Jacob KROP,KEN,,30 SEP 2019,"Khalifa International Stadium, Doha (QAT)",6.
Jacob KROP,KEN,,02 SEP 2022,"Boudewijnstadion, Bruxelles (BEL)",1.
Jacob KROP,KEN,,06 AUG 2022,"Alexander Stadium, Birmingham (GBR)",3.
Jacob KROP,KEN,,19 APR 2019,Abidjan (CIV),2.
Jacob KROP,KEN,,,,
Birhanu BALEW,BRN,1223,06 JUN 2019,"Stadio Olimpico, Roma (ITA)",
Birhanu BALEW,BRN,1208,20 APR 2024,"Egret Stadium, Xiamen (CHN)",
Birhanu BALEW,BRN,1069,25 OCT 2015,Qatif (KSA),
Birhanu BALEW,BRN,1176,20 AUG 2016,"Estádio Olímpico, Rio de Janeiro (BRA)",
Birhanu BALEW,BRN,1173,22 JUL 2017,Heusden-Zolder (BEL),
Birhanu BALEW,BRN,1206,05 JUL 2018,"Stade Olympique de la Pontaise, Lausanne (SUI)",
Birhanu BALEW,BRN,1223,06 JUN 2019,"Stadio Olimpico, Roma (ITA)",
Birhanu BALEW,BRN,1218,10 JUN 2021,"Stadio Luigi Ridolfi, Firenze (ITA)",
Birhanu BALEW,BRN,1204,30 JUN 2023,"Stade Olympique de la Pontaise, Lausanne (SUI)",
Birhanu BALEW,BRN,1208,20 APR 2024,"Egret Stadium, Xiamen (CHN)",
Birhanu BALEW,BRN,,06 AUG 2021,"National Stadium, Tokyo (JPN)",6.
Birhanu BALEW,BRN,,24 APR 2019,Doha (QAT),1.
Birhanu BALEW,BRN,,04 OCT 2023,"HOC Stadium, Hangzhou (CHN)",1.
Birhanu BALEW,BRN,,30 AUG 2018,Jakarta (INA),1.
Birhanu BALEW,BRN,,05 JUL 2018,"Stade Olympique de la Pontaise, Lausanne (SUI)",1.
Birhanu BALEW,BRN,,12 MAY 2018,"Shanghai Stadium, Shanghai (CHN)",1.
Birhanu BALEW,BRN,,07 JUL 2023,"Complexe Olympique Mohamed Boudiaf, Algiers (ALG)",1.
Birhanu BALEW,BRN,,26 OCT 2019,"Five Rings Sports Center, Wuhan (CHN)",1.
Birhanu BALEW,BRN,1208,20 APR 2024,"Egret Stadium, Xiamen (CHN)",3.
Birhanu BALEW,BRN,,06 AUG 2021,"National Stadium, Tokyo (JPN)",6.
Birhanu BALEW,BRN,,03 AUG 2021,"National Stadium, Tokyo (JPN)",15.
Birhanu BALEW,BRN,,20 AUG 2016,"Estádio Olímpico, Rio de Janeiro (BRA)",9.
Birhanu BALEW,BRN,,17 AUG 2016,"Estádio Olímpico, Rio de Janeiro (BRA)",4.
Birhanu BALEW,BRN,,24 AUG 2023,"Nemzeti Atlétikai Központ, Budapest (HUN)",30.
Birhanu BALEW,BRN,,30 SEP 2019,"Khalifa International Stadium, Doha (QAT)",9.
Birhanu BALEW,BRN,,27 SEP 2019,"Khalifa International Stadium, Doha (QAT)",14.
Birhanu BALEW,BRN,,12 AUG 2017,"Olympic Stadium, London (GBR)",12.
Birhanu BALEW,BRN,,09 AUG 2017,"Olympic Stadium, London (GBR)",2.
Birhanu BALEW,BRN,,04 OCT 2023,"HOC Stadium, Hangzhou (CHN)",1.
Birhanu BALEW,BRN,,24 APR 2019,Doha (QAT),1.
Birhanu BALEW,BRN,,30 AUG 2018,Jakarta (INA),1.
Birhanu BALEW,BRN,,06 AUG 2021,"National Stadium, Tokyo (JPN)",6.
Birhanu BALEW,BRN,,03 AUG 2021,"National Stadium, Tokyo (JPN)",15.
Birhanu BALEW,BRN,,20 AUG 2016,"Estádio Olímpico, Rio de Janeiro (BRA)",9.
Birhanu BALEW,BRN,,17 AUG 2016,"Estádio Olímpico, Rio de Janeiro (BRA)",4.
Birhanu BALEW,BRN,,24 AUG 2023,"Nemzeti Atlétikai Központ, Budapest (HUN)",30.
Birhanu BALEW,BRN,,30 SEP 2019,"Khalifa International Stadium, Doha (QAT)",9.
Birhanu BALEW,BRN,,27 SEP 2019,"Khalifa International Stadium, Doha (QAT)",14.
Birhanu BALEW,BRN,,12 AUG 2017,"Olympic Stadium, London (GBR)",12.
Birhanu BALEW,BRN,,09 AUG 2017,"Olympic Stadium, London (GBR)",2.
Birhanu BALEW,BRN,,04 OCT 2023,"HOC Stadium, Hangzhou (CHN)",1.
Birhanu BALEW,BRN,,24 APR 2019,Doha (QAT),1.
Birhanu BALEW,BRN,,30 AUG 2018,Jakarta (INA),1.
Birhanu BALEW,BRN,1223,06 JUN 2019,"Stadio Olimpico, Roma (ITA)",
Birhanu BALEW,BRN,1208,20 APR 2024,"Egret Stadium, Xiamen (CHN)",
Birhanu BALEW,BRN,,,,
Birhanu BALEW,BRN,,,,
Birhanu BALEW,BRN,,,,
Birhanu BALEW,BRN,,,,
Birhanu BALEW,BRN,,,,
Birhanu BALEW,BRN,,,,
Birhanu BALEW,BRN,,,,
Birhanu BALEW,BRN,,,,
Birhanu BALEW,BRN,,06 AUG 2021,"National Stadium, Tokyo (JPN)",6.
Birhanu BALEW,BRN,,24 APR 2019,Doha (QAT),1.
Birhanu BALEW,BRN,,04 OCT 2023,"HOC Stadium, Hangzhou (CHN)",1.
Birhanu BALEW,BRN,,30 AUG 2018,Jakarta (INA),1.
Birhanu BALEW,BRN,,05 JUL 2018,"Stade Olympique de la Pontaise, Lausanne (SUI)",1.
Birhanu BALEW,BRN,,12 MAY 2018,"Shanghai Stadium, Shanghai (CHN)",1.
Birhanu BALEW,BRN,,07 JUL 2023,"Complexe Olympique Mohamed Boudiaf, Algiers (ALG)",1.
Birhanu BALEW,BRN,,26 OCT 2019,"Five Rings Sports Center, Wuhan (CHN)",1.
Birhanu BALEW,BRN,,,,
Samuel TEFERA,ETH,1225,30 MAY 2024,"Bislett Stadion, Oslo (NOR)",
Samuel TEFERA,ETH,1225,30 MAY 2024,"Bislett Stadion, Oslo (NOR)",
Samuel TEFERA,ETH,1194,16 JUN 2022,"Bislett Stadion, Oslo (NOR)",
Samuel TEFERA,ETH,1215,02 JUN 2023,"Stadio Luigi Ridolfi, Firenze (ITA)",
Samuel TEFERA,ETH,1225,30 MAY 2024,"Bislett Stadion, Oslo (NOR)",
Samuel TEFERA,ETH,1225,30 MAY 2024,"Bislett Stadion, Oslo (NOR)",12.
Samuel TEFERA,ETH,1225,30 MAY 2024,"Bislett Stadion, Oslo (NOR)",
Samuel TEFERA,ETH,1225,30 MAY 2024,"Bislett Stadion, Oslo (NOR)",
Samuel TEFERA,ETH,,,,
Samuel TEFERA,ETH,,,,
Samuel TEFERA,ETH,,,,
Samuel TEFERA,ETH,,,,
Andreas ALMGREN,SWE,1243,30 MAY 2024,"Bislett Stadion, Oslo (NOR)",
Andreas ALMGREN,SWE,1243,30 MAY 2024,"Bislett Stadion, Oslo (NOR)",
Andreas ALMGREN,SWE,1105,04 SEP 2021,"Olympiastadion, Stockholm (SWE)",
Andreas ALMGREN,SWE,1203,02 SEP 2022,"Boudewijnstadion, Bruxelles (BEL)",
Andreas ALMGREN,SWE,1117,25 JUN 2023,"Stadion Śląski, Chorzów (POL)",
Andreas ALMGREN,SWE,1243,30 MAY 2024,"Bislett Stadion, Oslo (NOR)",
Andreas ALMGREN,SWE,,16 AUG 2022,"Olympiastadion, München (GER)",4.
Andreas ALMGREN,SWE,,25 JUN 2023,"Stadion Śląski, Chorzów (POL)",2.
Andreas ALMGREN,SWE,,07 AUG 2022,"Norrköpings Friidrottsarena, Norrköping (SWE)",1.
Andreas ALMGREN,SWE,,29 AUG 2021,"Ryavallen, Borås (SWE)",1.
Andreas ALMGREN,SWE,1210,15 MAY 2024,"Olympiastadion, Stockholm (SWE)",3.
Andreas ALMGREN,SWE,1243,30 MAY 2024,"Bislett Stadion, Oslo (NOR)",8.
Andreas ALMGREN,SWE,,24 AUG 2023,"Nemzeti Atlétikai Központ, Budapest (HUN)",20.
Andreas ALMGREN,SWE,,16 AUG 2022,"Olympiastadion, München (GER)",4.
Andreas ALMGREN,SWE,,24 AUG 2023,"Nemzeti Atlétikai Központ, Budapest (HUN)",20.
Andreas ALMGREN,SWE,,16 AUG 2022,"Olympiastadion, München (GER)",4.
Andreas ALMGREN,SWE,1243,30 MAY 2024,"Bislett Stadion, Oslo (NOR)",
Andreas ALMGREN,SWE,1243,30 MAY 2024,"Bislett Stadion, Oslo (NOR)",
Andreas ALMGREN,SWE,,,,
Andreas ALMGREN,SWE,,,,
Andreas ALMGREN,SWE,,,,
Andreas ALMGREN,SWE,,,,
Andreas ALMGREN,SWE,,16 AUG 2022,"Olympiastadion, München (GER)",4.
Andreas ALMGREN,SWE,,25 JUN 2023,"Stadion Śląski, Chorzów (POL)",2.
Andreas ALMGREN,SWE,,07 AUG 2022,"Norrköpings Friidrottsarena, Norrköping (SWE)",1.
Andreas ALMGREN,SWE,,29 AUG 2021,"Ryavallen, Borås (SWE)",1.
Andreas ALMGREN,SWE,,,,
Andreas ALMGREN,SWE,,,,
Kuma GIRMA,ETH,1197,30 JUN 2023,"Stade Olympique de la Pontaise, Lausanne (SUI)",
Kuma GIRMA,ETH,1197,27 APR 2024,"Suzhou Olympic Sports Centre, Suzhou (CHN)",
Kuma GIRMA,ETH,1197,30 JUN 2023,"Stade Olympique de la Pontaise, Lausanne (SUI)",
Kuma GIRMA,ETH,1197,27 APR 2024,"Suzhou Olympic Sports Centre, Suzhou (CHN)",
Kuma GIRMA,ETH,,22 MAR 2024,"University of Ghana Sports Stadium, Accra (GHA)",4.
Kuma GIRMA,ETH,1055,22 MAR 2024,"University of Ghana Sports Stadium, Accra (GHA)",4.
Kuma GIRMA,ETH,1193,20 APR 2024,"Egret Stadium, Xiamen (CHN)",8.
Kuma GIRMA,ETH,1197,27 APR 2024,"Suzhou Olympic Sports Centre, Suzhou (CHN)",4.
Kuma GIRMA,ETH,,22 MAR 2024,"University of Ghana Sports Stadium, Accra (GHA)",4.
Kuma GIRMA,ETH,,22 MAR 2024,"University of Ghana Sports Stadium, Accra (GHA)",4.
Kuma GIRMA,ETH,1197,30 JUN 2023,"Stade Olympique de la Pontaise, Lausanne (SUI)",
Kuma GIRMA,ETH,1197,27 APR 2024,"Suzhou Olympic Sports Centre, Suzhou (CHN)",
Kuma GIRMA,ETH,,,,
Kuma GIRMA,ETH,,,,
Kuma GIRMA,ETH,,22 MAR 2024,"University of Ghana Sports Stadium, Accra (GHA)",4.
Kuma GIRMA,ETH,,,,
Kuma GIRMA,ETH,,,,
Kuma GIRMA,ETH,,,,
Addisu YIHUNE,ETH,1248,30 MAY 2024,"Bislett Stadion, Oslo (NOR)",
Addisu YIHUNE,ETH,1248,30 MAY 2024,"Bislett Stadion, Oslo (NOR)",
Addisu YIHUNE,ETH,1213,08 JUN 2021,"FBK Stadium, Hengelo (NED)",
Addisu YIHUNE,ETH,1202,22 MAY 2022,"Stadio Zecchini, Grosseto (ITA)",
Addisu YIHUNE,ETH,1148,26 MAY 2023,"Drake Stadium, Los Angeles, CA (USA)",
Addisu YIHUNE,ETH,1248,30 MAY 2024,"Bislett Stadion, Oslo (NOR)",
Addisu YIHUNE,ETH,,01 AUG 2022,"Pascual Guerrero Stadium, Cali (COL)",1.
Addisu YIHUNE,ETH,,19 AUG 2021,"Moi International Sports Centre, Kasarani, Nairobi (KEN)",4.
Addisu YIHUNE,ETH,1204,20 APR 2024,"Egret Stadium, Xiamen (CHN)",5.
Addisu YIHUNE,ETH,1248,30 MAY 2024,"Bislett Stadion, Oslo (NOR)",5.
Addisu YIHUNE,ETH,,01 AUG 2022,"Pascual Guerrero Stadium, Cali (COL)",1.
Addisu YIHUNE,ETH,,19 AUG 2021,"Moi International Sports Centre, Kasarani, Nairobi (KEN)",4.
Addisu YIHUNE,ETH,1248,30 MAY 2024,"Bislett Stadion, Oslo (NOR)",
Addisu YIHUNE,ETH,1248,30 MAY 2024,"Bislett Stadion, Oslo (NOR)",
Addisu YIHUNE,ETH,,,,
Addisu YIHUNE,ETH,,,,
Addisu YIHUNE,ETH,,,,
Addisu YIHUNE,ETH,,,,
Addisu YIHUNE,ETH,,01 AUG 2022,"Pascual Guerrero Stadium, Cali (COL)",1.
Addisu YIHUNE,ETH,,19 AUG 2021,"Moi International Sports Centre, Kasarani, Nairobi (KEN)",4.
Addisu YIHUNE,ETH,,,,
Addisu YIHUNE,ETH,,,,
Addisu YIHUNE,ETH,,01 AUG 2022,"Pascual Guerrero Stadium, Cali (COL)",1.
Addisu YIHUNE,ETH,,19 AUG 2021,"Moi International Sports Centre, Kasarani, Nairobi (KEN)",4.
Mohammed AHMED,CAN,1257,10 JUL 2020,"Jesuit High School Track, Portland, OR (USA)",
Mohammed AHMED,CAN,1275,12 FEB 2022,"Boston Univ. Track & Tennis Center, Boston, MA (USA) (i)",
Mohammed AHMED,CAN,1231,17 MAY 2024,"Drake Stadium, Los Angeles, CA (USA)",
Mohammed AHMED,CAN,1239,16 FEB 2024,"Boston Univ. Track & Tennis Center, Boston, MA (USA) (i)",
Mohammed AHMED,CAN,960,25 JUN 2009,Toronto (CAN),
Mohammed AHMED,CAN,993,16 MAY 2010,"Bloomington, IN (USA)",
Mohammed AHMED,CAN,1087,28 MAY 2011,"Eugene, OR (USA)",
Mohammed AHMED,CAN,1064,13 MAY 2012,"Madison, WI (USA)",
Mohammed AHMED,CAN,0,08 FEB 2013,"Seattle, WA (USA) (i)",
Mohammed AHMED,CAN,1141,27 JUL 2014,"Hampden Park, Glasgow (GBR)",
Mohammed AHMED,CAN,1173,11 SEP 2015,"Boudewijnstadion, Bruxelles (BEL)",
Mohammed AHMED,CAN,1203,28 MAY 2016,"Hayward Field, Eugene, OR (USA)",
Mohammed AHMED,CAN,1245,26 FEB 2017,"Boston, MA (USA) (i)",
Mohammed AHMED,CAN,1198,31 AUG 2018,"Boudewijnstadion, Bruxelles (BEL)",
Mohammed AHMED,CAN,1216,06 JUN 2019,"Stadio Olimpico, Roma (ITA)",
Mohammed AHMED,CAN,1257,10 JUL 2020,"Jesuit High School Track, Portland, OR (USA)",
Mohammed AHMED,CAN,1246,10 JUN 2021,"Stadio Luigi Ridolfi, Firenze (ITA)",
Mohammed AHMED,CAN,1225,09 JUN 2022,"Stadio Olimpico, Roma (ITA)",
Mohammed AHMED,CAN,1223,02 JUN 2023,"Stadio Luigi Ridolfi, Firenze (ITA)",
Mohammed AHMED,CAN,1231,17 MAY 2024,"Drake Stadium, Los Angeles, CA (USA)",
Mohammed AHMED,CAN,1108,11 MAR 2011,"College Station, TX (USA) (i)",
Mohammed AHMED,CAN,1108,08 MAR 2013,"Fayetteville, AR (USA) (i)",
Mohammed AHMED,CAN,876,14 MAR 2014,"Albuquerque, NM (USA) (i)",
Mohammed AHMED,CAN,1245,26 FEB 2017,"Boston, MA (USA) (i)",
Mohammed AHMED,CAN,1275,12 FEB 2022,"Boston Univ. Track & Tennis Center, Boston, MA (USA) (i)",
Mohammed AHMED,CAN,1239,16 FEB 2024,"Boston Univ. Track & Tennis Center, Boston, MA (USA) (i)",
Mohammed AHMED,CAN,,06 AUG 2021,"National Stadium, Tokyo (JPN)",2.
Mohammed AHMED,CAN,,20 AUG 2016,"Estádio Olímpico, Rio de Janeiro (BRA)",4.
Mohammed AHMED,CAN,,30 SEP 2019,"Khalifa International Stadium, Doha (QAT)",3.
Mohammed AHMED,CAN,,24 JUL 2022,"Hayward Field, Eugene, OR (USA)",5.
Mohammed AHMED,CAN,,12 AUG 2017,"Olympic Stadium, London (GBR)",6.
Mohammed AHMED,CAN,,27 AUG 2023,"Nemzeti Atlétikai Központ, Budapest (HUN)",7.
Mohammed AHMED,CAN,,08 APR 2018,Gold Coast (AUS),2.
Mohammed AHMED,CAN,,27 JUL 2014,"Hampden Park, Glasgow (GBR)",5.
Mohammed AHMED,CAN,,27 JUN 2024,"Complexe Sportif Claude-Robillard, Montréal (CAN)",1.
Mohammed AHMED,CAN,,25 JUL 2019,Montréal (CAN),1.
Mohammed AHMED,CAN,,05 JUL 2018,Ottawa (CAN),1.
Mohammed AHMED,CAN,,06 JUL 2017,Ottawa (CAN),1.
Mohammed AHMED,CAN,,07 JUL 2016,Edmonton (CAN),1.
Mohammed AHMED,CAN,0,03 MAY 2024,"Hayward Field, Eugene, OR (USA)",
Mohammed AHMED,CAN,1231,17 MAY 2024,"Drake Stadium, Los Angeles, CA (USA)",7.
Mohammed AHMED,CAN,1170,27 JUN 2024,"Complexe Sportif Claude-Robillard, Montréal (CAN)",1.
Mohammed AHMED,CAN,1239,16 FEB 2024,"Boston Univ. Track & Tennis Center, Boston, MA (USA) (i)",5.
Mohammed AHMED,CAN,,06 AUG 2021,"National Stadium, Tokyo (JPN)",2.
Mohammed AHMED,CAN,,03 AUG 2021,"National Stadium, Tokyo (JPN)",12.
Mohammed AHMED,CAN,,20 AUG 2016,"Estádio Olímpico, Rio de Janeiro (BRA)",4.
Mohammed AHMED,CAN,,17 AUG 2016,"Estádio Olímpico, Rio de Janeiro (BRA)",6.
Mohammed AHMED,CAN,,27 AUG 2023,"Nemzeti Atlétikai Központ, Budapest (HUN)",7.
Mohammed AHMED,CAN,,24 AUG 2023,"Nemzeti Atlétikai Központ, Budapest (HUN)",3.
Mohammed AHMED,CAN,,24 JUL 2022,"Hayward Field, Eugene, OR (USA)",5.
Mohammed AHMED,CAN,,21 JUL 2022,"Hayward Field, Eugene, OR (USA)",5.
Mohammed AHMED,CAN,,30 SEP 2019,"Khalifa International Stadium, Doha (QAT)",3.
Mohammed AHMED,CAN,,27 SEP 2019,"Khalifa International Stadium, Doha (QAT)",13.
Mohammed AHMED,CAN,,12 AUG 2017,"Olympic Stadium, London (GBR)",6.
Mohammed AHMED,CAN,,09 AUG 2017,"Olympic Stadium, London (GBR)",6.
Mohammed AHMED,CAN,,29 AUG 2015,"National Stadium, Beijing (CHN)",12.
Mohammed AHMED,CAN,,26 AUG 2015,"National Stadium, Beijing (CHN)",3.
Mohammed AHMED,CAN,,08 APR 2018,Gold Coast (AUS),2.
Mohammed AHMED,CAN,,27 JUL 2014,"Hampden Park, Glasgow (GBR)",5.
Mohammed AHMED,CAN,,06 AUG 2021,"National Stadium, Tokyo (JPN)",2.
Mohammed AHMED,CAN,,03 AUG 2021,"National Stadium, Tokyo (JPN)",12.
Mohammed AHMED,CAN,,20 AUG 2016,"Estádio Olímpico, Rio de Janeiro (BRA)",4.
Mohammed AHMED,CAN,,17 AUG 2016,"Estádio Olímpico, Rio de Janeiro (BRA)",6.
Mohammed AHMED,CAN,,27 AUG 2023,"Nemzeti Atlétikai Központ, Budapest (HUN)",7.
Mohammed AHMED,CAN,,24 AUG 2023,"Nemzeti Atlétikai Központ, Budapest (HUN)",3.
Mohammed AHMED,CAN,,24 JUL 2022,"Hayward Field, Eugene, OR (USA)",5.
Mohammed AHMED,CAN,,21 JUL 2022,"Hayward Field, Eugene, OR (USA)",5.
Mohammed AHMED,CAN,,30 SEP 2019,"Khalifa International Stadium, Doha (QAT)",3.
Mohammed AHMED,CAN,,27 SEP 2019,"Khalifa International Stadium, Doha (QAT)",13.
Mohammed AHMED,CAN,,12 AUG 2017,"Olympic Stadium, London (GBR)",6.
Mohammed AHMED,CAN,,09 AUG 2017,"Olympic Stadium, London (GBR)",6.
Mohammed AHMED,CAN,,29 AUG 2015,"National Stadium, Beijing (CHN)",12.
Mohammed AHMED,CAN,,26 AUG 2015,"National Stadium, Beijing (CHN)",3.
Mohammed AHMED,CAN,,08 APR 2018,Gold Coast (AUS),2.
Mohammed AHMED,CAN,,27 JUL 2014,"Hampden Park, Glasgow (GBR)",5.
Mohammed AHMED,CAN,1257,10 JUL 2020,"Jesuit High School Track, Portland, OR (USA)",
Mohammed AHMED,CAN,1275,12 FEB 2022,"Boston Univ. Track & Tennis Center, Boston, MA (USA) (i)",
Mohammed AHMED,CAN,1231,17 MAY 2024,"Drake Stadium, Los Angeles, CA (USA)",
Mohammed AHMED,CAN,1239,16 FEB 2024,"Boston Univ. Track & Tennis Center, Boston, MA (USA) (i)",
Mohammed AHMED,CAN,,,,
Mohammed AHMED,CAN,,,,
Mohammed AHMED,CAN,,,,
Mohammed AHMED,CAN,,,,
Mohammed AHMED,CAN,,,,
Mohammed AHMED,CAN,,,,
Mohammed AHMED,CAN,,,,
Mohammed AHMED,CAN,,,,
Mohammed AHMED,CAN,,,,
Mohammed AHMED,CAN,,,,
Mohammed AHMED,CAN,,,,
Mohammed AHMED,CAN,,,,
Mohammed AHMED,CAN,,,,
Mohammed AHMED,CAN,,,,
Mohammed AHMED,CAN,,,,
Mohammed AHMED,CAN,,,,
Mohammed AHMED,CAN,,,,
Mohammed AHMED,CAN,,,,
Mohammed AHMED,CAN,,,,
Mohammed AHMED,CAN,,,,
Mohammed AHMED,CAN,,,,
Mohammed AHMED,CAN,,,,
Mohammed AHMED,CAN,,06 AUG 2021,"National Stadium, Tokyo (JPN)",2.
Mohammed AHMED,CAN,,20 AUG 2016,"Estádio Olímpico, Rio de Janeiro (BRA)",4.
Mohammed AHMED,CAN,,30 SEP 2019,"Khalifa International Stadium, Doha (QAT)",3.
Mohammed AHMED,CAN,,24 JUL 2022,"Hayward Field, Eugene, OR (USA)",5.
Mohammed AHMED,CAN,,12 AUG 2017,"Olympic Stadium, London (GBR)",6.
Mohammed AHMED,CAN,,27 AUG 2023,"Nemzeti Atlétikai Központ, Budapest (HUN)",7.
Mohammed AHMED,CAN,,08 APR 2018,Gold Coast (AUS),2.
Mohammed AHMED,CAN,,27 JUL 2014,"Hampden Park, Glasgow (GBR)",5.
Mohammed AHMED,CAN,,27 JUN 2024,"Complexe Sportif Claude-Robillard, Montréal (CAN)",1.
Mohammed AHMED,CAN,,25 JUL 2019,Montréal (CAN),1.
Mohammed AHMED,CAN,,05 JUL 2018,Ottawa (CAN),1.
Mohammed AHMED,CAN,,06 JUL 2017,Ottawa (CAN),1.
Mohammed AHMED,CAN,,07 JUL 2016,Edmonton (CAN),1.
Mohammed AHMED,CAN,,,,
Mohammed AHMED,CAN,,,,
Mohammed AHMED,CAN,,,,
Mohammed AHMED,CAN,,,,
Jimmy GRESSIER,FRA,1228,30 MAY 2024,"Bislett Stadion, Oslo (NOR)",
Jimmy GRESSIER,FRA,1228,30 MAY 2024,"Bislett Stadion, Oslo (NOR)",
Jimmy GRESSIER,FRA,832,12 JUN 2015,Villeneuve d'Ascq (FRA),
Jimmy GRESSIER,FRA,1016,23 JUL 2016,"Zdzisław Krzyszkowiak Stadium, Bydgoszcz (POL)",
Jimmy GRESSIER,FRA,1030,27 MAY 2017,Oordegem (BEL),
Jimmy GRESSIER,FRA,1073,26 MAY 2018,Oordegem (BEL),
Jimmy GRESSIER,FRA,1127,21 JUN 2019,Carquefou (FRA),
Jimmy GRESSIER,FRA,1152,14 AUG 2020,"Stade Louis II, Monaco (MON)",
Jimmy GRESSIER,FRA,1177,03 JUN 2021,"Estadio Iberoamericano, Huelva (ESP)",
Jimmy GRESSIER,FRA,1178,18 JUN 2022,"Stade Charléty, Paris (FRA)",
Jimmy GRESSIER,FRA,1224,21 JUL 2023,"Stade Louis II, Monaco (MON)",
Jimmy GRESSIER,FRA,1228,30 MAY 2024,"Bislett Stadion, Oslo (NOR)",
Jimmy GRESSIER,FRA,,13 JUL 2019,"Gunder Hägg Stadion, Gävle (SWE)",1.
Jimmy GRESSIER,FRA,,28 JUL 2023,"Stadium Municipal, Albi (FRA)",1.
Jimmy GRESSIER,FRA,,12 SEP 2020,"Stadium Municipal, Albi (FRA)",1.
Jimmy GRESSIER,FRA,0,04 MAY 2024,"Stade Raymond Troussier, Decines (FRA)",
Jimmy GRESSIER,FRA,1228,30 MAY 2024,"Bislett Stadion, Oslo (NOR)",11.
Jimmy GRESSIER,FRA,,06 AUG 2021,"National Stadium, Tokyo (JPN)",13.
Jimmy GRESSIER,FRA,,03 AUG 2021,"National Stadium, Tokyo (JPN)",9.
Jimmy GRESSIER,FRA,,27 AUG 2023,"Nemzeti Atlétikai Központ, Budapest (HUN)",9.
Jimmy GRESSIER,FRA,,24 AUG 2023,"Nemzeti Atlétikai Központ, Budapest (HUN)",14.
Jimmy GRESSIER,FRA,,13 JUL 2019,"Gunder Hägg Stadion, Gävle (SWE)",1.
Jimmy GRESSIER,FRA,,15 JUL 2017,"Zdzisław Krzyszkowiak Stadium, Bydgoszcz (POL)",
Jimmy GRESSIER,FRA,,23 JUL 2016,"Zdzisław Krzyszkowiak Stadium, Bydgoszcz (POL)",10.
Jimmy GRESSIER,FRA,,06 AUG 2021,"National Stadium, Tokyo (JPN)",13.
Jimmy GRESSIER,FRA,,03 AUG 2021,"National Stadium, Tokyo (JPN)",9.
Jimmy GRESSIER,FRA,,27 AUG 2023,"Nemzeti Atlétikai Központ, Budapest (HUN)",9.
Jimmy GRESSIER,FRA,,24 AUG 2023,"Nemzeti Atlétikai Központ, Budapest (HUN)",14.
Jimmy GRESSIER,FRA,,13 JUL 2019,"Gunder Hägg Stadion, Gävle (SWE)",1.
Jimmy GRESSIER,FRA,,15 JUL 2017,"Zdzisław Krzyszkowiak Stadium, Bydgoszcz (POL)",
Jimmy GRESSIER,FRA,,23 JUL 2016,"Zdzisław Krzyszkowiak Stadium, Bydgoszcz (POL)",10.
Jimmy GRESSIER,FRA,1228,30 MAY 2024,"Bislett Stadion, Oslo (NOR)",
Jimmy GRESSIER,FRA,1228,30 MAY 2024,"Bislett Stadion, Oslo (NOR)",
Jimmy GRESSIER,FRA,,,,
Jimmy GRESSIER,FRA,,,,
Jimmy GRESSIER,FRA,,,,
Jimmy GRESSIER,FRA,,,,
Jimmy GRESSIER,FRA,,,,
Jimmy GRESSIER,FRA,,,,
Jimmy GRESSIER,FRA,,,,
Jimmy GRESSIER,FRA,,,,
Jimmy GRESSIER,FRA,,,,
Jimmy GRESSIER,FRA,,,,
Jimmy GRESSIER,FRA,,13 JUL 2019,"Gunder Hägg Stadion, Gävle (SWE)",1.
Jimmy GRESSIER,FRA,,28 JUL 2023,"Stadium Municipal, Albi (FRA)",1.
Jimmy GRESSIER,FRA,,12 SEP 2020,"Stadium Municipal, Albi (FRA)",1.
Jimmy GRESSIER,FRA,,,,
Jimmy GRESSIER,FRA,,,,
Cornelius KEMBOI,KEN,1207,15 JUL 2023,"Stadion De Veen, Heusden-Zolder (BEL)",
Cornelius KEMBOI,KEN,1200,20 APR 2024,"Egret Stadium, Xiamen (CHN)",
Cornelius KEMBOI,KEN,1060,13 MAR 2021,"Moi International Sports Centre, Kasarani, Nairobi (KEN)",
Cornelius KEMBOI,KEN,1197,02 SEP 2022,"Boudewijnstadion, Bruxelles (BEL)",
Cornelius KEMBOI,KEN,1207,15 JUL 2023,"Stadion De Veen, Heusden-Zolder (BEL)",
Cornelius KEMBOI,KEN,1200,20 APR 2024,"Egret Stadium, Xiamen (CHN)",
Cornelius KEMBOI,KEN,,22 MAR 2024,"University of Ghana Sports Stadium, Accra (GHA)",3.
Cornelius KEMBOI,KEN,1065,22 MAR 2024,"University of Ghana Sports Stadium, Accra (GHA)",3.
Cornelius KEMBOI,KEN,1200,20 APR 2024,"Egret Stadium, Xiamen (CHN)",6.
Cornelius KEMBOI,KEN,1103,15 JUN 2024,"Nyayo National Stadium, Nairobi (KEN)",5.
Cornelius KEMBOI,KEN,1174,07 JUL 2024,"FBK Stadium, Hengelo (NED)",4.
Cornelius KEMBOI,KEN,,24 AUG 2023,"Nemzeti Atlétikai Központ, Budapest (HUN)",33.
Cornelius KEMBOI,KEN,,22 MAR 2024,"University of Ghana Sports Stadium, Accra (GHA)",3.
Cornelius KEMBOI,KEN,,06 AUG 2022,"Alexander Stadium, Birmingham (GBR)",11.
Cornelius KEMBOI,KEN,,24 AUG 2023,"Nemzeti Atlétikai Központ, Budapest (HUN)",33.
Cornelius KEMBOI,KEN,,22 MAR 2024,"University of Ghana Sports Stadium, Accra (GHA)",3.
Cornelius KEMBOI,KEN,,06 AUG 2022,"Alexander Stadium, Birmingham (GBR)",11.
Cornelius KEMBOI,KEN,1207,15 JUL 2023,"Stadion De Veen, Heusden-Zolder (BEL)",
Cornelius KEMBOI,KEN,1200,20 APR 2024,"Egret Stadium, Xiamen (CHN)",
Cornelius KEMBOI,KEN,,,,
Cornelius KEMBOI,KEN,,,,
Cornelius KEMBOI,KEN,,,,
Cornelius KEMBOI,KEN,,,,
Cornelius KEMBOI,KEN,,22 MAR 2024,"University of Ghana Sports Stadium, Accra (GHA)",3.
Cornelius KEMBOI,KEN,,,,
Cornelius KEMBOI,KEN,,,,
Cornelius KEMBOI,KEN,,,,
Cornelius KEMBOI,KEN,,,,
Narve Gilje NORDÅS,NOR,1190,15 JUL 2023,"Stadion De Veen, Heusden-Zolder (BEL)",
Narve Gilje NORDÅS,NOR,1155,29 JUN 2024,"Sandnes Stadion, Sandnes (NOR)",
Narve Gilje NORDÅS,NOR,721,28 JUN 2015,Oslo (NOR),
Narve Gilje NORDÅS,NOR,923,27 MAY 2017,Oordegem (BEL),
Narve Gilje NORDÅS,NOR,971,18 JUN 2019,Sollentuna (SWE),
Narve Gilje NORDÅS,NOR,1090,29 JUN 2020,"Bislett Stadion, Oslo (NOR)",
Narve Gilje NORDÅS,NOR,1149,29 JUN 2021,"Stadion Allmend, Luzern (SUI)",
Narve Gilje NORDÅS,NOR,1152,16 JUN 2022,"Bislett Stadion, Oslo (NOR)",
Narve Gilje NORDÅS,NOR,1190,15 JUL 2023,"Stadion De Veen, Heusden-Zolder (BEL)",
Narve Gilje NORDÅS,NOR,1155,29 JUN 2024,"Sandnes Stadion, Sandnes (NOR)",
Narve Gilje NORDÅS,NOR,,10 SEP 2021,"Stadion, Kristiansand (NOR)",1.
Narve Gilje NORDÅS,NOR,,18 SEP 2020,"Fana Stadion, Bergen (NOR)",1.
Narve Gilje NORDÅS,NOR,0,30 APR 2024,"Estadio Iberoamericano, Huelva (ESP)",
Narve Gilje NORDÅS,NOR,1113,08 JUN 2024,"Stadio Olimpico, Roma (ITA)",11.
Narve Gilje NORDÅS,NOR,1155,29 JUN 2024,"Sandnes Stadion, Sandnes (NOR)",2.
Narve Gilje NORDÅS,NOR,,03 AUG 2021,"National Stadium, Tokyo (JPN)",23.
Narve Gilje NORDÅS,NOR,,27 AUG 2023,"Nemzeti Atlétikai Központ, Budapest (HUN)",14.
Narve Gilje NORDÅS,NOR,,24 AUG 2023,"Nemzeti Atlétikai Központ, Budapest (HUN)",16.
Narve Gilje NORDÅS,NOR,,21 JUL 2022,"Hayward Field, Eugene, OR (USA)",24.
Narve Gilje NORDÅS,NOR,,08 JUN 2024,"Stadio Olimpico, Roma (ITA)",11.
Narve Gilje NORDÅS,NOR,,16 AUG 2022,"Olympiastadion, München (GER)",17.
Narve Gilje NORDÅS,NOR,,22 JUL 2017,"Stadio Zecchini, Grosseto (ITA)",10.
Narve Gilje NORDÅS,NOR,,03 AUG 2021,"National Stadium, Tokyo (JPN)",23.
Narve Gilje NORDÅS,NOR,,27 AUG 2023,"Nemzeti Atlétikai Központ, Budapest (HUN)",14.
Narve Gilje NORDÅS,NOR,,24 AUG 2023,"Nemzeti Atlétikai Központ, Budapest (HUN)",16.
Narve Gilje NORDÅS,NOR,,21 JUL 2022,"Hayward Field, Eugene, OR (USA)",24.
Narve Gilje NORDÅS,NOR,,08 JUN 2024,"Stadio Olimpico, Roma (ITA)",11.
Narve Gilje NORDÅS,NOR,,16 AUG 2022,"Olympiastadion, München (GER)",17.
Narve Gilje NORDÅS,NOR,,22 JUL 2017,"Stadio Zecchini, Grosseto (ITA)",10.
Narve Gilje NORDÅS,NOR,1190,15 JUL 2023,"Stadion De Veen, Heusden-Zolder (BEL)",
Narve Gilje NORDÅS,NOR,1155,29 JUN 2024,"Sandnes Stadion, Sandnes (NOR)",
Narve Gilje NORDÅS,NOR,,,,
Narve Gilje NORDÅS,NOR,,,,
Narve Gilje NORDÅS,NOR,,,,
Narve Gilje NORDÅS,NOR,,,,
Narve Gilje NORDÅS,NOR,,,,
Narve Gilje NORDÅS,NOR,,,,
Narve Gilje NORDÅS,NOR,,,,
Narve Gilje NORDÅS,NOR,,,,
Narve Gilje NORDÅS,NOR,,10 SEP 2021,"Stadion, Kristiansand (NOR)",1.
Narve Gilje NORDÅS,NOR,,18 SEP 2020,"Fana Stadion, Bergen (NOR)",1.
Narve Gilje NORDÅS,NOR,,,,
Narve Gilje NORDÅS,NOR,,,,
Narve Gilje NORDÅS,NOR,,,,
Mohamed ISMAIL,DJI,1223,15 MAY 2024,"Olympiastadion, Stockholm (SWE)",
Mohamed ISMAIL,DJI,1223,15 MAY 2024,"Olympiastadion, Stockholm (SWE)",
Mohamed ISMAIL,DJI,882,01 JUL 2012,Porto Novo (BEN),
Mohamed ISMAIL,DJI,1105,16 MAY 2017,Baku (AZE),
Mohamed ISMAIL,DJI,1194,10 JUN 2023,Montesson (FRA),
Mohamed ISMAIL,DJI,1223,15 MAY 2024,"Olympiastadion, Stockholm (SWE)",
Mohamed ISMAIL,DJI,,26 JUN 2024,"Stade Omnisport de JAPOMA, Douala (CMR)",1.
Mohamed ISMAIL,DJI,,04 AUG 2023,"Stade des Martyrs, Kinshasa (COD)",1.
Mohamed ISMAIL,DJI,1223,15 MAY 2024,"Olympiastadion, Stockholm (SWE)",1.
Mohamed ISMAIL,DJI,1073,26 JUN 2024,"Stade Omnisport de JAPOMA, Douala (CMR)",1.
Mohamed ISMAIL,DJI,,27 AUG 2023,"Nemzeti Atlétikai Központ, Budapest (HUN)",11.
Mohamed ISMAIL,DJI,,24 AUG 2023,"Nemzeti Atlétikai Központ, Budapest (HUN)",6.
Mohamed ISMAIL,DJI,,01 JUL 2012,Porto Novo (BEN),14.
Mohamed ISMAIL,DJI,,27 AUG 2023,"Nemzeti Atlétikai Központ, Budapest (HUN)",11.
Mohamed ISMAIL,DJI,,24 AUG 2023,"Nemzeti Atlétikai Központ, Budapest (HUN)",6.
Mohamed ISMAIL,DJI,,01 JUL 2012,Porto Novo (BEN),14.
Mohamed ISMAIL,DJI,1223,15 MAY 2024,"Olympiastadion, Stockholm (SWE)",
Mohamed ISMAIL,DJI,1223,15 MAY 2024,"Olympiastadion, Stockholm (SWE)",
Mohamed ISMAIL,DJI,,,,
Mohamed ISMAIL,DJI,,,,
Mohamed ISMAIL,DJI,,,,
Mohamed ISMAIL,DJI,,,,
Mohamed ISMAIL,DJI,,26 JUN 2024,"Stade Omnisport de JAPOMA, Douala (CMR)",1.
Mohamed ISMAIL,DJI,,04 AUG 2023,"Stade des Martyrs, Kinshasa (COD)",1.
Mohamed ISMAIL,DJI,,,,
Mohamed ISMAIL,DJI,,,,
Stewart MCSWEYN,AUS,1224,17 MAY 2024,"Drake Stadium, Los Angeles, CA (USA)",
Stewart MCSWEYN,AUS,1224,17 MAY 2024,"Drake Stadium, Los Angeles, CA (USA)",
Stewart MCSWEYN,AUS,816,10 FEB 2013,Melbourne (AUS),
Stewart MCSWEYN,AUS,888,06 NOV 2014,Melbourne (AUS),
Stewart MCSWEYN,AUS,1014,21 MAR 2015,"Albert Park, Melbourne (AUS)",
Stewart MCSWEYN,AUS,1061,05 MAR 2016,"Albert Park, Melbourne (AUS)",
Stewart MCSWEYN,AUS,1137,12 JUL 2017,Dublin (IRL),
Stewart MCSWEYN,AUS,1190,31 AUG 2018,"Boudewijnstadion, Bruxelles (BEL)",
Stewart MCSWEYN,AUS,1189,20 JUL 2019,"Olympic Stadium, London (GBR)",
Stewart MCSWEYN,AUS,1174,29 AUG 2020,"Slottsskogsvallen, Göteborg (SWE)",
Stewart MCSWEYN,AUS,1188,02 MAR 2021,"Hagenauer Reserve, Box Hill, Melbourne (AUS)",
Stewart MCSWEYN,AUS,1222,02 SEP 2022,"Boudewijnstadion, Bruxelles (BEL)",
Stewart MCSWEYN,AUS,1124,02 JUN 2023,"Stadio Luigi Ridolfi, Firenze (ITA)",
Stewart MCSWEYN,AUS,1224,17 MAY 2024,"Drake Stadium, Los Angeles, CA (USA)",
Stewart MCSWEYN,AUS,,08 APR 2018,Gold Coast (AUS),5.
Stewart MCSWEYN,AUS,1191,20 APR 2024,"Egret Stadium, Xiamen (CHN)",10.
Stewart MCSWEYN,AUS,1224,17 MAY 2024,"Drake Stadium, Los Angeles, CA (USA)",10.
Stewart MCSWEYN,AUS,,27 AUG 2023,"Nemzeti Atlétikai Központ, Budapest (HUN)",13.
Stewart MCSWEYN,AUS,,24 AUG 2023,"Nemzeti Atlétikai Központ, Budapest (HUN)",38.
Stewart MCSWEYN,AUS,,30 SEP 2019,"Khalifa International Stadium, Doha (QAT)",12.
Stewart MCSWEYN,AUS,,27 SEP 2019,"Khalifa International Stadium, Doha (QAT)",4.
Stewart MCSWEYN,AUS,,08 APR 2018,Gold Coast (AUS),5.
Stewart MCSWEYN,AUS,,12 JUL 2015,"Main Stadium, Gwangju (KOR)",14.
Stewart MCSWEYN,AUS,,10 JUL 2015,"Main Stadium, Gwangju (KOR)",7.
Stewart MCSWEYN,AUS,,27 AUG 2023,"Nemzeti Atlétikai Központ, Budapest (HUN)",13.
Stewart MCSWEYN,AUS,,24 AUG 2023,"Nemzeti Atlétikai Központ, Budapest (HUN)",38.
Stewart MCSWEYN,AUS,,30 SEP 2019,"Khalifa International Stadium, Doha (QAT)",12.
Stewart MCSWEYN,AUS,,27 SEP 2019,"Khalifa International Stadium, Doha (QAT)",4.
Stewart MCSWEYN,AUS,,08 APR 2018,Gold Coast (AUS),5.
Stewart MCSWEYN,AUS,,12 JUL 2015,"Main Stadium, Gwangju (KOR)",14.
Stewart MCSWEYN,AUS,,10 JUL 2015,"Main Stadium, Gwangju (KOR)",7.
Stewart MCSWEYN,AUS,1224,17 MAY 2024,"Drake Stadium, Los Angeles, CA (USA)",
Stewart MCSWEYN,AUS,1224,17 MAY 2024,"Drake Stadium, Los Angeles, CA (USA)",
Stewart MCSWEYN,AUS,,,,
Stewart MCSWEYN,AUS,,,,
Stewart MCSWEYN,AUS,,,,
Stewart MCSWEYN,AUS,,,,
Stewart MCSWEYN,AUS,,,,
Stewart MCSWEYN,AUS,,,,
Stewart MCSWEYN,AUS,,,,
Stewart MCSWEYN,AUS,,,,
Stewart MCSWEYN,AUS,,,,
Stewart MCSWEYN,AUS,,,,
Stewart MCSWEYN,AUS,,,,
Stewart MCSWEYN,AUS,,,,
Stewart MCSWEYN,AUS,,08 APR 2018,Gold Coast (AUS),5.
Stewart MCSWEYN,AUS,,,,
Stewart MCSWEYN,AUS,,,,
Cole HOCKER,USA,1214,17 MAY 2024,"Drake Stadium, Los Angeles, CA (USA)",
Cole HOCKER,USA,1214,17 MAY 2024,"Drake Stadium, Los Angeles, CA (USA)",
Cole HOCKER,USA,1092,04 DEC 2020,"JSerra Catholic HS, San Juan Capistrano, CA (USA)",
Cole HOCKER,USA,1141,11 JUN 2021,"Hayward Field, Eugene, OR (USA)",
Cole HOCKER,USA,1178,19 MAR 2022,"Cobb Track and Angell Field, Palo Alto, CA (USA)",
Cole HOCKER,USA,1214,17 MAY 2024,"Drake Stadium, Los Angeles, CA (USA)",
Cole HOCKER,USA,1180,19 APR 2024,"Kentner Stadium Wake Forest University, Winston Salem, NC (USA)",1.
Cole HOCKER,USA,0,03 MAY 2024,"Shellenberger Field & Dr. Jack M. Toms Track, Lynchburg, VA (USA)",
Cole HOCKER,USA,1214,17 MAY 2024,"Drake Stadium, Los Angeles, CA (USA)",11.
Cole HOCKER,USA,1090,27 JUN 2024,"Hayward Field, Eugene, OR (USA)",1.
Cole HOCKER,USA,1134,30 JUN 2024,"Hayward Field, Eugene, OR (USA)",7.
Cole HOCKER,USA,1214,17 MAY 2024,"Drake Stadium, Los Angeles, CA (USA)",
Cole HOCKER,USA,1214,17 MAY 2024,"Drake Stadium, Los Angeles, CA (USA)",
Cole HOCKER,USA,,,,
Cole HOCKER,USA,,,,
Cole HOCKER,USA,,,,
Cole HOCKER,USA,,,,
Cole HOCKER,USA,,,,
Cole HOCKER,USA,,,,
Cole HOCKER,USA,,,,
Cole HOCKER,USA,,,,
Cole HOCKER,USA,,,,
Adriaan WILDSCHUTT,RSA,1222,30 MAY 2024,"Bislett Stadion, Oslo (NOR)",
Adriaan WILDSCHUTT,RSA,1275,26 JAN 2024,"Boston Univ. Track & Tennis Center, Boston, MA (USA) (i)",
Adriaan WILDSCHUTT,RSA,1222,30 MAY 2024,"Bislett Stadion, Oslo (NOR)",
Adriaan WILDSCHUTT,RSA,1275,26 JAN 2024,"Boston Univ. Track & Tennis Center, Boston, MA (USA) (i)",
Adriaan WILDSCHUTT,RSA,887,18 MAR 2017,"Parow, Cape Town (RSA)",
Adriaan WILDSCHUTT,RSA,888,30 MAR 2018,"Raleigh, NC (USA)",
Adriaan WILDSCHUTT,RSA,978,20 APR 2019,"Charlottesville, VA (USA)",
Adriaan WILDSCHUTT,RSA,1106,29 APR 2021,"University of North Florda Jax Track at Hodges Stadium, Jacksonville, FL (USA)",
Adriaan WILDSCHUTT,RSA,1227,12 FEB 2022,"Boston Univ. Track & Tennis Center, Boston, MA (USA) (i)",
Adriaan WILDSCHUTT,RSA,1201,15 JUL 2023,"Stadion De Veen, Heusden-Zolder (BEL)",
Adriaan WILDSCHUTT,RSA,1222,30 MAY 2024,"Bislett Stadion, Oslo (NOR)",
Adriaan WILDSCHUTT,RSA,1149,12 MAR 2021,"Randal Tyson Indoor Center, Fayetteville, AR (USA) (i)",
Adriaan WILDSCHUTT,RSA,1227,12 FEB 2022,"Boston Univ. Track & Tennis Center, Boston, MA (USA) (i)",
Adriaan WILDSCHUTT,RSA,1275,26 JAN 2024,"Boston Univ. Track & Tennis Center, Boston, MA (USA) (i)",
Adriaan WILDSCHUTT,RSA,,20 APR 2024,"Msunduzi Athletics Stadium, Pietermaritzburg (RSA)",1.
Adriaan WILDSCHUTT,RSA,1101,20 APR 2024,"Msunduzi Athletics Stadium, Pietermaritzburg (RSA)",1.
Adriaan WILDSCHUTT,RSA,0,17 MAY 2024,"Drake Stadium, Los Angeles, CA (USA)",
Adriaan WILDSCHUTT,RSA,1222,30 MAY 2024,"Bislett Stadion, Oslo (NOR)",13.
Adriaan WILDSCHUTT,RSA,1275,26 JAN 2024,"Boston Univ. Track & Tennis Center, Boston, MA (USA) (i)",1.
Adriaan WILDSCHUTT,RSA,,21 JUL 2022,"Hayward Field, Eugene, OR (USA)",30.
Adriaan WILDSCHUTT,RSA,,21 JUL 2022,"Hayward Field, Eugene, OR (USA)",30.
Adriaan WILDSCHUTT,RSA,1222,30 MAY 2024,"Bislett Stadion, Oslo (NOR)",
Adriaan WILDSCHUTT,RSA,1275,26 JAN 2024,"Boston Univ. Track & Tennis Center, Boston, MA (USA) (i)",
Adriaan WILDSCHUTT,RSA,1222,30 MAY 2024,"Bislett Stadion, Oslo (NOR)",
Adriaan WILDSCHUTT,RSA,1275,26 JAN 2024,"Boston Univ. Track & Tennis Center, Boston, MA (USA) (i)",
Adriaan WILDSCHUTT,RSA,,,,
Adriaan WILDSCHUTT,RSA,,,,
Adriaan WILDSCHUTT,RSA,,,,
Adriaan WILDSCHUTT,RSA,,,,
Adriaan WILDSCHUTT,RSA,,,,
Adriaan WILDSCHUTT,RSA,,,,
Adriaan WILDSCHUTT,RSA,,,,
Adriaan WILDSCHUTT,RSA,,,,
Adriaan WILDSCHUTT,RSA,,,,
Adriaan WILDSCHUTT,RSA,,,,
Adriaan WILDSCHUTT,RSA,,20 APR 2024,"Msunduzi Athletics Stadium, Pietermaritzburg (RSA)",1.
Adriaan WILDSCHUTT,RSA,,,,
Adriaan WILDSCHUTT,RSA,,,,
Adriaan WILDSCHUTT,RSA,,,,
Adriaan WILDSCHUTT,RSA,,,,
Brian FAY,IRL,1204,15 JUL 2023,"Stadion De Veen, Heusden-Zolder (BEL)",
Brian FAY,IRL,1199,03 DEC 2022,"Boston Univ. Track & Tennis Center, Boston, MA (USA) (i)",
Brian FAY,IRL,1155,20 APR 2024,"Egret Stadium, Xiamen (CHN)",
Brian FAY,IRL,1198,26 JAN 2024,"Boston Univ. Track & Tennis Center, Boston, MA (USA) (i)",
Brian FAY,IRL,997,21 AUG 2019,Dublin (IRL),
Brian FAY,IRL,1028,10 OCT 2020,"FBK Stadium, Hengelo (NED)",
Brian FAY,IRL,1052,29 JUN 2021,"Stadion Allmend, Luzern (SUI)",
Brian FAY,IRL,1150,14 APR 2022,"Cougar Athletic Stadium, Azusa, CA (USA)",
Brian FAY,IRL,1204,15 JUL 2023,"Stadion De Veen, Heusden-Zolder (BEL)",
Brian FAY,IRL,1155,20 APR 2024,"Egret Stadium, Xiamen (CHN)",
Brian FAY,IRL,1199,03 DEC 2022,"Boston Univ. Track & Tennis Center, Boston, MA (USA) (i)",
Brian FAY,IRL,1198,26 JAN 2024,"Boston Univ. Track & Tennis Center, Boston, MA (USA) (i)",
Brian FAY,IRL,,16 AUG 2022,"Olympiastadion, München (GER)",8.
Brian FAY,IRL,,29 JUN 2024,"Morton Stadium, Dublin (IRL)",1.
Brian FAY,IRL,,30 JUL 2023,"Morton Stadium, Dublin (IRL)",1.
Brian FAY,IRL,1155,20 APR 2024,"Egret Stadium, Xiamen (CHN)",12.
Brian FAY,IRL,1118,27 APR 2024,"Suzhou Olympic Sports Centre, Suzhou (CHN)",13.
Brian FAY,IRL,1101,30 MAY 2024,"Bislett Stadion, Oslo (NOR)",18.
Brian FAY,IRL,1104,08 JUN 2024,"Stadio Olimpico, Roma (ITA)",14.
Brian FAY,IRL,1055,29 JUN 2024,"Morton Stadium, Dublin (IRL)",1.
Brian FAY,IRL,1198,26 JAN 2024,"Boston Univ. Track & Tennis Center, Boston, MA (USA) (i)",10.
Brian FAY,IRL,,24 AUG 2023,"Nemzeti Atlétikai Központ, Budapest (HUN)",31.
Brian FAY,IRL,,08 JUN 2024,"Stadio Olimpico, Roma (ITA)",14.
Brian FAY,IRL,,16 AUG 2022,"Olympiastadion, München (GER)",8.
Brian FAY,IRL,,24 AUG 2023,"Nemzeti Atlétikai Központ, Budapest (HUN)",31.
Brian FAY,IRL,,08 JUN 2024,"Stadio Olimpico, Roma (ITA)",14.
Brian FAY,IRL,,16 AUG 2022,"Olympiastadion, München (GER)",8.
Brian FAY,IRL,1204,15 JUL 2023,"Stadion De Veen, Heusden-Zolder (BEL)",
Brian FAY,IRL,1199,03 DEC 2022,"Boston Univ. Track & Tennis Center, Boston, MA (USA) (i)",
Brian FAY,IRL,1155,20 APR 2024,"Egret Stadium, Xiamen (CHN)",
Brian FAY,IRL,1198,26 JAN 2024,"Boston Univ. Track & Tennis Center, Boston, MA (USA) (i)",
Brian FAY,IRL,,,,
Brian FAY,IRL,,,,
Brian FAY,IRL,,,,
Brian FAY,IRL,,,,
Brian FAY,IRL,,,,
Brian FAY,IRL,,,,
Brian FAY,IRL,,,,
Brian FAY,IRL,,,,
Brian FAY,IRL,,16 AUG 2022,"Olympiastadion, München (GER)",8.
Brian FAY,IRL,,29 JUN 2024,"Morton Stadium, Dublin (IRL)",1.
Brian FAY,IRL,,30 JUL 2023,"Morton Stadium, Dublin (IRL)",1.
Brian FAY,IRL,,,,
Brian FAY,IRL,,,,
Brian FAY,IRL,,,,
Brian FAY,IRL,,,,
Brian FAY,IRL,,,,
Brian FAY,IRL,,,,
Morgan MCDONALD,AUS,1208,17 MAY 2024,"Drake Stadium, Los Angeles, CA (USA)",
Morgan MCDONALD,AUS,1235,26 JAN 2024,"Boston Univ. Track & Tennis Center, Boston, MA (USA) (i)",
Morgan MCDONALD,AUS,1208,17 MAY 2024,"Drake Stadium, Los Angeles, CA (USA)",
Morgan MCDONALD,AUS,1235,26 JAN 2024,"Boston Univ. Track & Tennis Center, Boston, MA (USA) (i)",
Morgan MCDONALD,AUS,976,06 MAR 2014,Sydney (AUS),
Morgan MCDONALD,AUS,1103,10 JUN 2016,"Eugene, OR (USA)",
Morgan MCDONALD,AUS,1152,22 JUL 2017,Heusden-Zolder (BEL),
Morgan MCDONALD,AUS,1141,15 FEB 2018,Gold Coast (AUS),
Morgan MCDONALD,AUS,1141,20 JUL 2019,"Olympic Stadium, London (GBR)",
Morgan MCDONALD,AUS,1160,12 JUN 2021,"Parc des Sports C. Ehrmann, Nice (FRA)",
Morgan MCDONALD,AUS,1140,30 AUG 2022,"Stadio Quercia, Rovereto (ITA)",
Morgan MCDONALD,AUS,1121,22 JUL 2023,"Los Angeles, CA (USA)",
Morgan MCDONALD,AUS,1208,17 MAY 2024,"Drake Stadium, Los Angeles, CA (USA)",
Morgan MCDONALD,AUS,1122,23 FEB 2019,"Ann Arbor, MI (USA) (i)",
Morgan MCDONALD,AUS,1235,26 JAN 2024,"Boston Univ. Track & Tennis Center, Boston, MA (USA) (i)",
Morgan MCDONALD,AUS,,08 APR 2018,Gold Coast (AUS),8.
Morgan MCDONALD,AUS,,15 FEB 2018,Gold Coast (AUS),1.
Morgan MCDONALD,AUS,,07 JUN 2019,"Austin, TX (USA)",1.
Morgan MCDONALD,AUS,,08 MAR 2019,"Birmingham, AL (USA) (i)",1.
Morgan MCDONALD,AUS,1069,14 APR 2024,"SA Athletic Stadium, Adelaide (AUS)",2.
Morgan MCDONALD,AUS,1142,27 APR 2024,"Suzhou Olympic Sports Centre, Suzhou (CHN)",7.
Morgan MCDONALD,AUS,1208,17 MAY 2024,"Drake Stadium, Los Angeles, CA (USA)",12.
Morgan MCDONALD,AUS,1235,26 JAN 2024,"Boston Univ. Track & Tennis Center, Boston, MA (USA) (i)",7.
Morgan MCDONALD,AUS,,03 AUG 2021,"National Stadium, Tokyo (JPN)",17.
Morgan MCDONALD,AUS,,24 AUG 2023,"Nemzeti Atlétikai Központ, Budapest (HUN)",32.
Morgan MCDONALD,AUS,,27 SEP 2019,"Khalifa International Stadium, Doha (QAT)",17.
Morgan MCDONALD,AUS,,09 AUG 2017,"Olympic Stadium, London (GBR)",7.
Morgan MCDONALD,AUS,,08 APR 2018,Gold Coast (AUS),8.
Morgan MCDONALD,AUS,,25 JUL 2014,"Hayward Field, Eugene, OR (USA)",10.
Morgan MCDONALD,AUS,,03 AUG 2021,"National Stadium, Tokyo (JPN)",17.
Morgan MCDONALD,AUS,,24 AUG 2023,"Nemzeti Atlétikai Központ, Budapest (HUN)",32.
Morgan MCDONALD,AUS,,27 SEP 2019,"Khalifa International Stadium, Doha (QAT)",17.
Morgan MCDONALD,AUS,,09 AUG 2017,"Olympic Stadium, London (GBR)",7.
Morgan MCDONALD,AUS,,08 APR 2018,Gold Coast (AUS),8.
Morgan MCDONALD,AUS,,25 JUL 2014,"Hayward Field, Eugene, OR (USA)",10.
Morgan MCDONALD,AUS,1208,17 MAY 2024,"Drake Stadium, Los Angeles, CA (USA)",
Morgan MCDONALD,AUS,1235,26 JAN 2024,"Boston Univ. Track & Tennis Center, Boston, MA (USA) (i)",
Morgan MCDONALD,AUS,1208,17 MAY 2024,"Drake Stadium, Los Angeles, CA (USA)",
Morgan MCDONALD,AUS,1235,26 JAN 2024,"Boston Univ. Track & Tennis Center, Boston, MA (USA) (i)",
Morgan MCDONALD,AUS,,,,
Morgan MCDONALD,AUS,,,,
Morgan MCDONALD,AUS,,,,
Morgan MCDONALD,AUS,,,,
Morgan MCDONALD,AUS,,,,
Morgan MCDONALD,AUS,,,,
Morgan MCDONALD,AUS,,,,
Morgan MCDONALD,AUS,,,,
Morgan MCDONALD,AUS,,,,
Morgan MCDONALD,AUS,,,,
Morgan MCDONALD,AUS,,,,
Morgan MCDONALD,AUS,,08 APR 2018,Gold Coast (AUS),8.
Morgan MCDONALD,AUS,,15 FEB 2018,Gold Coast (AUS),1.
Morgan MCDONALD,AUS,,07 JUN 2019,"Austin, TX (USA)",1.
Morgan MCDONALD,AUS,,08 MAR 2019,"Birmingham, AL (USA) (i)",1.
Morgan MCDONALD,AUS,,,,
Morgan MCDONALD,AUS,,,,
Morgan MCDONALD,AUS,,,,
Morgan MCDONALD,AUS,,,,
Joe KLECKER,USA,1282,27 JAN 2023,"Boston Univ. Track & Tennis Center, Boston, MA (USA) (i)",
Joe KLECKER,USA,1282,27 JAN 2023,"Boston Univ. Track & Tennis Center, Boston, MA (USA) (i)",
Joe KLECKER,USA,1240,26 JAN 2024,"Boston Univ. Track & Tennis Center, Boston, MA (USA) (i)",
Joe KLECKER,USA,1240,26 JAN 2024,"Boston Univ. Track & Tennis Center, Boston, MA (USA) (i)",
Joe KLECKER,USA,1053,15 MAY 2016,"Seattle, WA (USA)",
Joe KLECKER,USA,1058,21 APR 2017,"Palo Alto, CA (USA)",
Joe KLECKER,USA,1101,10 JUN 2018,"Portland, OR (USA)",
Joe KLECKER,USA,1081,18 APR 2019,"Azusa, CA (USA)",
Joe KLECKER,USA,1106,22 AUG 2020,"Los Angeles, CA (USA)",
Joe KLECKER,USA,1185,06 MAR 2021,"JSerra Catholic HS, San Juan Capistrano, CA (USA)",
Joe KLECKER,USA,1193,06 MAY 2022,"JSerra Catholic HS, San Juan Capistrano, CA (USA)",
Joe KLECKER,USA,1282,27 JAN 2023,"Boston Univ. Track & Tennis Center, Boston, MA (USA) (i)",
Joe KLECKER,USA,1240,26 JAN 2024,"Boston Univ. Track & Tennis Center, Boston, MA (USA) (i)",
Joe KLECKER,USA,1104,08 MAR 2019,"Birmingham, AL (USA) (i)",
Joe KLECKER,USA,1282,27 JAN 2023,"Boston Univ. Track & Tennis Center, Boston, MA (USA) (i)",
Joe KLECKER,USA,1240,26 JAN 2024,"Boston Univ. Track & Tennis Center, Boston, MA (USA) (i)",
Joe KLECKER,USA,1240,26 JAN 2024,"Boston Univ. Track & Tennis Center, Boston, MA (USA) (i)",6.
Joe KLECKER,USA,1282,27 JAN 2023,"Boston Univ. Track & Tennis Center, Boston, MA (USA) (i)",
Joe KLECKER,USA,1282,27 JAN 2023,"Boston Univ. Track & Tennis Center, Boston, MA (USA) (i)",
Joe KLECKER,USA,1240,26 JAN 2024,"Boston Univ. Track & Tennis Center, Boston, MA (USA) (i)",
Joe KLECKER,USA,1240,26 JAN 2024,"Boston Univ. Track & Tennis Center, Boston, MA (USA) (i)",
Joe KLECKER,USA,,,,
Joe KLECKER,USA,,,,
Joe KLECKER,USA,,,,
Joe KLECKER,USA,,,,
Joe KLECKER,USA,,,,
Joe KLECKER,USA,,,,
Joe KLECKER,USA,,,,
Joe KLECKER,USA,,,,
Joe KLECKER,USA,,,,
Joe KLECKER,USA,,,,
Joe KLECKER,USA,,,,
Joe KLECKER,USA,,,,
Joe KLECKER,USA,,,,
Ishmael Rokitto KIPKURUI,KEN,1190,15 JUN 2023,"Bislett Stadion, Oslo (NOR)",
Ishmael Rokitto KIPKURUI,KEN,1085,15 JUN 2024,"Nyayo National Stadium, Nairobi (KEN)",
Ishmael Rokitto KIPKURUI,KEN,865,23 FEB 2020,Eldoret (KEN),
Ishmael Rokitto KIPKURUI,KEN,1113,28 APR 2022,"Moi International Sports Centre, Kasarani, Nairobi (KEN)",
Ishmael Rokitto KIPKURUI,KEN,1190,15 JUN 2023,"Bislett Stadion, Oslo (NOR)",
Ishmael Rokitto KIPKURUI,KEN,1085,15 JUN 2024,"Nyayo National Stadium, Nairobi (KEN)",
Ishmael Rokitto KIPKURUI,KEN,,12 JUN 2022,"Cote d'Or National Sports Complex, St Pierre (MRI)",6.
Ishmael Rokitto KIPKURUI,KEN,1085,15 JUN 2024,"Nyayo National Stadium, Nairobi (KEN)",7.
Ishmael Rokitto KIPKURUI,KEN,1058,28 JUN 2024,"Nyayo National Stadium, Nairobi (KEN)",1.
Ishmael Rokitto KIPKURUI,KEN,,27 AUG 2023,"Nemzeti Atlétikai Központ, Budapest (HUN)",10.
Ishmael Rokitto KIPKURUI,KEN,,24 AUG 2023,"Nemzeti Atlétikai Központ, Budapest (HUN)",7.
Ishmael Rokitto KIPKURUI,KEN,,27 AUG 2023,"Nemzeti Atlétikai Központ, Budapest (HUN)",10.
Ishmael Rokitto KIPKURUI,KEN,,24 AUG 2023,"Nemzeti Atlétikai Központ, Budapest (HUN)",7.
Ishmael Rokitto KIPKURUI,KEN,1190,15 JUN 2023,"Bislett Stadion, Oslo (NOR)",
Ishmael Rokitto KIPKURUI,KEN,1085,15 JUN 2024,"Nyayo National Stadium, Nairobi (KEN)",
Ishmael Rokitto KIPKURUI,KEN,,,,
Ishmael Rokitto KIPKURUI,KEN,,,,
Ishmael Rokitto KIPKURUI,KEN,,,,
Ishmael Rokitto KIPKURUI,KEN,,,,
Ishmael Rokitto KIPKURUI,KEN,,12 JUN 2022,"Cote d'Or National Sports Complex, St Pierre (MRI)",6.
Ishmael Rokitto KIPKURUI,KEN,,,,
Ishmael Rokitto KIPKURUI,KEN,,,,
Yann SCHRUB,FRA,1194,25 MAY 2024,"Boudewijnstadion, Bruxelles (BEL)",
Yann SCHRUB,FRA,1194,25 MAY 2024,"Boudewijnstadion, Bruxelles (BEL)",
Yann SCHRUB,FRA,887,31 MAY 2014,Oordegem (BEL),
Yann SCHRUB,FRA,781,17 JUL 2015,Albi (FRA),
Yann SCHRUB,FRA,925,10 JUN 2016,Colmar (FRA),
Yann SCHRUB,FRA,979,27 MAY 2017,Oordegem (BEL),
Yann SCHRUB,FRA,1013,07 JUL 2018,Albi (FRA),
Yann SCHRUB,FRA,1050,25 MAY 2019,"Putbosstadion, Oordegem (BEL)",
Yann SCHRUB,FRA,1077,26 JUN 2021,"Stade Josette et Roger Mikulak, Angers (FRA)",
Yann SCHRUB,FRA,1049,15 MAY 2022,Montgeron (FRA),
Yann SCHRUB,FRA,1168,27 MAY 2023,"Putbosstadion, Oordegem (BEL)",
Yann SCHRUB,FRA,1194,25 MAY 2024,"Boudewijnstadion, Bruxelles (BEL)",
Yann SCHRUB,FRA,,13 JUL 2019,Napoli (ITA),2.
Yann SCHRUB,FRA,,28 JUN 2024,"Stade Josette et Roger Mikulak, Angers (FRA)",1.
Yann SCHRUB,FRA,1194,25 MAY 2024,"Boudewijnstadion, Bruxelles (BEL)",1.
Yann SCHRUB,FRA,1063,28 JUN 2024,"Stade Josette et Roger Mikulak, Angers (FRA)",1.
Yann SCHRUB,FRA,,13 JUL 2019,Napoli (ITA),2.
Yann SCHRUB,FRA,,11 JUL 2019,Napoli (ITA),2.
Yann SCHRUB,FRA,,13 JUL 2019,Napoli (ITA),2.
Yann SCHRUB,FRA,,11 JUL 2019,Napoli (ITA),2.
Yann SCHRUB,FRA,1194,25 MAY 2024,"Boudewijnstadion, Bruxelles (BEL)",
Yann SCHRUB,FRA,1194,25 MAY 2024,"Boudewijnstadion, Bruxelles (BEL)",
Yann SCHRUB,FRA,,,,
Yann SCHRUB,FRA,,,,
Yann SCHRUB,FRA,,,,
Yann SCHRUB,FRA,,,,
Yann SCHRUB,FRA,,,,
Yann SCHRUB,FRA,,,,
Yann SCHRUB,FRA,,,,
Yann SCHRUB,FRA,,,,
Yann SCHRUB,FRA,,,,
Yann SCHRUB,FRA,,,,
Yann SCHRUB,FRA,,13 JUL 2019,Napoli (ITA),2.
Yann SCHRUB,FRA,,28 JUN 2024,"Stade Josette et Roger Mikulak, Angers (FRA)",1.
Yann SCHRUB,FRA,,,,
Yann SCHRUB,FRA,,,,
Mike FOPPEN,NED,1189,15 JUL 2023,"Stadion De Veen, Heusden-Zolder (BEL)",
Mike FOPPEN,NED,1230,26 JAN 2024,"Boston Univ. Track & Tennis Center, Boston, MA (USA) (i)",
Mike FOPPEN,NED,1230,26 JAN 2024,"Boston Univ. Track & Tennis Center, Boston, MA (USA) (i)",
Mike FOPPEN,NED,1230,26 JAN 2024,"Boston Univ. Track & Tennis Center, Boston, MA (USA) (i)",
Mike FOPPEN,NED,892,18 JUL 2015,Heusden-Zolder (BEL),
Mike FOPPEN,NED,901,20 AUG 2016,Merksem (BEL),
Mike FOPPEN,NED,976,22 JUL 2017,Heusden-Zolder (BEL),
Mike FOPPEN,NED,1117,20 JUL 2019,Heusden-Zolder (BEL),
Mike FOPPEN,NED,1162,14 AUG 2020,"Stade Louis II, Monaco (MON)",
Mike FOPPEN,NED,1160,12 JUN 2021,"Parc des Sports C. Ehrmann, Nice (FRA)",
Mike FOPPEN,NED,1139,30 AUG 2022,"Stadio Quercia, Rovereto (ITA)",
Mike FOPPEN,NED,1189,15 JUL 2023,"Stadion De Veen, Heusden-Zolder (BEL)",
Mike FOPPEN,NED,1230,26 JAN 2024,"Boston Univ. Track & Tennis Center, Boston, MA (USA) (i)",
Mike FOPPEN,NED,1219,27 JAN 2023,"Boston Univ. Track & Tennis Center, Boston, MA (USA) (i)",
Mike FOPPEN,NED,1230,26 JAN 2024,"Boston Univ. Track & Tennis Center, Boston, MA (USA) (i)",
Mike FOPPEN,NED,,16 AUG 2022,"Olympiastadion, München (GER)",5.
Mike FOPPEN,NED,,28 JUL 2023,"Atletiekbaan Breda, Breda (NED)",1.
Mike FOPPEN,NED,,26 JUN 2021,"Atletiekbaan Breda, Breda (NED)",1.
Mike FOPPEN,NED,,29 AUG 2020,"Atletiekbaan Maarschalkerweerd, Utrecht (NED)",1.
Mike FOPPEN,NED,,27 JUL 2019,Den Haag (NED),1.
Mike FOPPEN,NED,1150,27 APR 2024,"Suzhou Olympic Sports Centre, Suzhou (CHN)",6.
Mike FOPPEN,NED,0,30 MAY 2024,"Bislett Stadion, Oslo (NOR)",
Mike FOPPEN,NED,1092,08 JUN 2024,"Stadio Olimpico, Roma (ITA)",18.
Mike FOPPEN,NED,1230,26 JAN 2024,"Boston Univ. Track & Tennis Center, Boston, MA (USA) (i)",8.
Mike FOPPEN,NED,1193,10 FEB 2024,"Boston Univ. Track & Tennis Center, Boston, MA (USA) (i)",5.
Mike FOPPEN,NED,,03 AUG 2021,"National Stadium, Tokyo (JPN)",
Mike FOPPEN,NED,,24 AUG 2023,"Nemzeti Atlétikai Központ, Budapest (HUN)",25.
Mike FOPPEN,NED,,08 JUN 2024,"Stadio Olimpico, Roma (ITA)",18.
Mike FOPPEN,NED,,16 AUG 2022,"Olympiastadion, München (GER)",5.
Mike FOPPEN,NED,,28 AUG 2017,"Taipei Municipal Stadium, Taipei City (TPE)",14.
Mike FOPPEN,NED,,26 AUG 2017,"Taipei Municipal Stadium, Taipei City (TPE)",8.
Mike FOPPEN,NED,,03 AUG 2021,"National Stadium, Tokyo (JPN)",
Mike FOPPEN,NED,,24 AUG 2023,"Nemzeti Atlétikai Központ, Budapest (HUN)",25.
Mike FOPPEN,NED,,08 JUN 2024,"Stadio Olimpico, Roma (ITA)",18.
Mike FOPPEN,NED,,16 AUG 2022,"Olympiastadion, München (GER)",5.
Mike FOPPEN,NED,,28 AUG 2017,"Taipei Municipal Stadium, Taipei City (TPE)",14.
Mike FOPPEN,NED,,26 AUG 2017,"Taipei Municipal Stadium, Taipei City (TPE)",8.
Mike FOPPEN,NED,1189,15 JUL 2023,"Stadion De Veen, Heusden-Zolder (BEL)",
Mike FOPPEN,NED,1230,26 JAN 2024,"Boston Univ. Track & Tennis Center, Boston, MA (USA) (i)",
Mike FOPPEN,NED,1230,26 JAN 2024,"Boston Univ. Track & Tennis Center, Boston, MA (USA) (i)",
Mike FOPPEN,NED,1230,26 JAN 2024,"Boston Univ. Track & Tennis Center, Boston, MA (USA) (i)",
Mike FOPPEN,NED,,,,
Mike FOPPEN,NED,,,,
Mike FOPPEN,NED,,,,
Mike FOPPEN,NED,,,,
Mike FOPPEN,NED,,,,
Mike FOPPEN,NED,,,,
Mike FOPPEN,NED,,,,
Mike FOPPEN,NED,,,,
Mike FOPPEN,NED,,,,
Mike FOPPEN,NED,,,,
Mike FOPPEN,NED,,,,
Mike FOPPEN,NED,,16 AUG 2022,"Olympiastadion, München (GER)",5.
Mike FOPPEN,NED,,28 JUL 2023,"Atletiekbaan Breda, Breda (NED)",1.
Mike FOPPEN,NED,,26 JUN 2021,"Atletiekbaan Breda, Breda (NED)",1.
Mike FOPPEN,NED,,29 AUG 2020,"Atletiekbaan Maarschalkerweerd, Utrecht (NED)",1.
Mike FOPPEN,NED,,27 JUL 2019,Den Haag (NED),1.
Mike FOPPEN,NED,,,,
Mike FOPPEN,NED,,,,
Mike FOPPEN,NED,,,,
Mike FOPPEN,NED,,,,
Mike FOPPEN,NED,,,,
Sam ATKIN,GBR,1229,17 MAY 2024,"Drake Stadium, Los Angeles, CA (USA)",
Sam ATKIN,GBR,1268,26 JAN 2024,"Boston Univ. Track & Tennis Center, Boston, MA (USA) (i)",
Sam ATKIN,GBR,1229,17 MAY 2024,"Drake Stadium, Los Angeles, CA (USA)",
Sam ATKIN,GBR,1268,26 JAN 2024,"Boston Univ. Track & Tennis Center, Boston, MA (USA) (i)",
Sam ATKIN,GBR,963,25 MAY 2013,"Marion, IN (USA)",
Sam ATKIN,GBR,907,29 MAR 2014,"Missoula, MT (USA)",
Sam ATKIN,GBR,962,03 APR 2015,"San Francisco, CA (USA)",
Sam ATKIN,GBR,1009,26 MAR 2016,"Salem, OR (USA)",
Sam ATKIN,GBR,1069,17 MAY 2018,"Los Angeles, CA (USA)",
Sam ATKIN,GBR,1138,24 FEB 2019,"Boston, MA (USA) (i)",
Sam ATKIN,GBR,1142,04 DEC 2020,"JSerra Catholic HS, San Juan Capistrano, CA (USA)",
Sam ATKIN,GBR,1046,26 JUN 2021,"Sportcity Regional Arena, Manchester (GBR)",
Sam ATKIN,GBR,1249,12 FEB 2022,"Boston Univ. Track & Tennis Center, Boston, MA (USA) (i)",
Sam ATKIN,GBR,1237,02 DEC 2023,"Boston Univ. Track & Tennis Center, Boston, MA (USA) (i)",
Sam ATKIN,GBR,1229,17 MAY 2024,"Drake Stadium, Los Angeles, CA (USA)",
Sam ATKIN,GBR,1138,24 FEB 2019,"Boston, MA (USA) (i)",
Sam ATKIN,GBR,1249,12 FEB 2022,"Boston Univ. Track & Tennis Center, Boston, MA (USA) (i)",
Sam ATKIN,GBR,1237,02 DEC 2023,"Boston Univ. Track & Tennis Center, Boston, MA (USA) (i)",
Sam ATKIN,GBR,1268,26 JAN 2024,"Boston Univ. Track & Tennis Center, Boston, MA (USA) (i)",
Sam ATKIN,GBR,1229,17 MAY 2024,"Drake Stadium, Los Angeles, CA (USA)",8.
Sam ATKIN,GBR,1268,26 JAN 2024,"Boston Univ. Track & Tennis Center, Boston, MA (USA) (i)",3.
Sam ATKIN,GBR,,21 JUL 2022,"Hayward Field, Eugene, OR (USA)",21.
Sam ATKIN,GBR,,16 AUG 2022,"Olympiastadion, München (GER)",9.
Sam ATKIN,GBR,,21 JUL 2022,"Hayward Field, Eugene, OR (USA)",21.
Sam ATKIN,GBR,,16 AUG 2022,"Olympiastadion, München (GER)",9.
Sam ATKIN,GBR,1229,17 MAY 2024,"Drake Stadium, Los Angeles, CA (USA)",
Sam ATKIN,GBR,1268,26 JAN 2024,"Boston Univ. Track & Tennis Center, Boston, MA (USA) (i)",
Sam ATKIN,GBR,1229,17 MAY 2024,"Drake Stadium, Los Angeles, CA (USA)",
Sam ATKIN,GBR,1268,26 JAN 2024,"Boston Univ. Track & Tennis Center, Boston, MA (USA) (i)",
Sam ATKIN,GBR,,,,
Sam ATKIN,GBR,,,,
Sam ATKIN,GBR,,,,
Sam ATKIN,GBR,,,,
Sam ATKIN,GBR,,,,
Sam ATKIN,GBR,,,,
Sam ATKIN,GBR,,,,
Sam ATKIN,GBR,,,,
Sam ATKIN,GBR,,,,
Sam ATKIN,GBR,,,,
Sam ATKIN,GBR,,,,
Sam ATKIN,GBR,,,,
Sam ATKIN,GBR,,,,
Sam ATKIN,GBR,,,,
Sam ATKIN,GBR,,,,
Sam ATKIN,GBR,,,,
Sam ATKIN,GBR,,,,
Abdihamid NUR,USA,1251,26 JAN 2024,"Boston Univ. Track & Tennis Center, Boston, MA (USA) (i)",
Abdihamid NUR,USA,1251,26 JAN 2024,"Boston Univ. Track & Tennis Center, Boston, MA (USA) (i)",
Abdihamid NUR,USA,1251,26 JAN 2024,"Boston Univ. Track & Tennis Center, Boston, MA (USA) (i)",
Abdihamid NUR,USA,1251,26 JAN 2024,"Boston Univ. Track & Tennis Center, Boston, MA (USA) (i)",
Abdihamid NUR,USA,914,19 APR 2018,"Azusa, CA (USA)",
Abdihamid NUR,USA,977,18 APR 2019,"Azusa, CA (USA)",
Abdihamid NUR,USA,0,31 JAN 2020,"Northern Arizona-Skydome, Flagstaff, AZ (USA) (i)",
Abdihamid NUR,USA,1179,04 DEC 2021,"Boston Univ. Track & Tennis Center, Boston, MA (USA) (i)",
Abdihamid NUR,USA,1187,06 MAY 2022,"JSerra Catholic HS, San Juan Capistrano, CA (USA)",
Abdihamid NUR,USA,1191,26 MAY 2023,"Drake Stadium, Los Angeles, CA (USA)",
Abdihamid NUR,USA,1251,26 JAN 2024,"Boston Univ. Track & Tennis Center, Boston, MA (USA) (i)",
Abdihamid NUR,USA,942,28 FEB 2020,"Holt Arena, Pocatello, ID (USA) (i)",
Abdihamid NUR,USA,1179,04 DEC 2021,"Boston Univ. Track & Tennis Center, Boston, MA (USA) (i)",
Abdihamid NUR,USA,1191,11 MAR 2022,"CrossPlex Athletic Facility, Birmingham, AL (USA) (i)",
Abdihamid NUR,USA,1251,26 JAN 2024,"Boston Univ. Track & Tennis Center, Boston, MA (USA) (i)",
Abdihamid NUR,USA,,09 JUL 2023,"Hayward Field, Eugene, OR (USA)",1.
Abdihamid NUR,USA,,11 MAR 2022,"CrossPlex Athletic Facility, Birmingham, AL (USA) (i)",1.
Abdihamid NUR,USA,1134,12 APR 2024,"Cougar Athletic Stadium, Azusa, CA (USA)",1.
Abdihamid NUR,USA,0,04 MAY 2024,"Jack Kemp Stadium, Los Angeles, CA (USA)",
Abdihamid NUR,USA,1194,17 MAY 2024,"Drake Stadium, Los Angeles, CA (USA)",1.
Abdihamid NUR,USA,1123,27 JUN 2024,"Hayward Field, Eugene, OR (USA)",2.
Abdihamid NUR,USA,1177,30 JUN 2024,"Hayward Field, Eugene, OR (USA)",2.
Abdihamid NUR,USA,1251,26 JAN 2024,"Boston Univ. Track & Tennis Center, Boston, MA (USA) (i)",4.
Abdihamid NUR,USA,,27 AUG 2023,"Nemzeti Atlétikai Központ, Budapest (HUN)",12.
Abdihamid NUR,USA,,24 AUG 2023,"Nemzeti Atlétikai Központ, Budapest (HUN)",13.
Abdihamid NUR,USA,,24 JUL 2022,"Hayward Field, Eugene, OR (USA)",11.
Abdihamid NUR,USA,,21 JUL 2022,"Hayward Field, Eugene, OR (USA)",13.
Abdihamid NUR,USA,,27 AUG 2023,"Nemzeti Atlétikai Központ, Budapest (HUN)",12.
Abdihamid NUR,USA,,24 AUG 2023,"Nemzeti Atlétikai Központ, Budapest (HUN)",13.
Abdihamid NUR,USA,,24 JUL 2022,"Hayward Field, Eugene, OR (USA)",11.
Abdihamid NUR,USA,,21 JUL 2022,"Hayward Field, Eugene, OR (USA)",13.
Abdihamid NUR,USA,1251,26 JAN 2024,"Boston Univ. Track & Tennis Center, Boston, MA (USA) (i)",
Abdihamid NUR,USA,1251,26 JAN 2024,"Boston Univ. Track & Tennis Center, Boston, MA (USA) (i)",
Abdihamid NUR,USA,1251,26 JAN 2024,"Boston Univ. Track & Tennis Center, Boston, MA (USA) (i)",
Abdihamid NUR,USA,1251,26 JAN 2024,"Boston Univ. Track & Tennis Center, Boston, MA (USA) (i)",
Abdihamid NUR,USA,,,,
Abdihamid NUR,USA,,,,
Abdihamid NUR,USA,,,,
Abdihamid NUR,USA,,,,
Abdihamid NUR,USA,,,,
Abdihamid NUR,USA,,,,
Abdihamid NUR,USA,,,,
Abdihamid NUR,USA,,,,
Abdihamid NUR,USA,,,,
Abdihamid NUR,USA,,,,
Abdihamid NUR,USA,,,,
Abdihamid NUR,USA,,09 JUL 2023,"Hayward Field, Eugene, OR (USA)",1.
Abdihamid NUR,USA,,11 MAR 2022,"CrossPlex Athletic Facility, Birmingham, AL (USA) (i)",1.
Abdihamid NUR,USA,,,,
Abdihamid NUR,USA,,,,
Abdihamid NUR,USA,,,,
Abdihamid NUR,USA,,,,
Abdihamid NUR,USA,,,,
Abdihamid NUR,USA,,,,
Jonas RAESS,SUI,1232,12 FEB 2022,"Boston Univ. Track & Tennis Center, Boston, MA (USA) (i)",
Jonas RAESS,SUI,1232,12 FEB 2022,"Boston Univ. Track & Tennis Center, Boston, MA (USA) (i)",
Jonas RAESS,SUI,1153,17 MAY 2024,"Drake Stadium, Los Angeles, CA (USA)",
Jonas RAESS,SUI,1142,26 JAN 2024,"Boston Univ. Track & Tennis Center, Boston, MA (USA) (i)",
Jonas RAESS,SUI,726,08 SEP 2012,Basel (SUI),
Jonas RAESS,SUI,1006,19 MAY 2017,Karlsruhe (GER),
Jonas RAESS,SUI,1071,08 JUN 2018,Huelva (ESP),
Jonas RAESS,SUI,1074,01 AUG 2019,Belfast (GBR),
Jonas RAESS,SUI,1137,29 AUG 2020,"Slottsskogsvallen, Göteborg (SWE)",
Jonas RAESS,SUI,1152,12 JUN 2021,"Parc des Sports C. Ehrmann, Nice (FRA)",
Jonas RAESS,SUI,1232,12 FEB 2022,"Boston Univ. Track & Tennis Center, Boston, MA (USA) (i)",
Jonas RAESS,SUI,1221,27 JAN 2023,"Boston Univ. Track & Tennis Center, Boston, MA (USA) (i)",
Jonas RAESS,SUI,1153,17 MAY 2024,"Drake Stadium, Los Angeles, CA (USA)",
Jonas RAESS,SUI,1232,12 FEB 2022,"Boston Univ. Track & Tennis Center, Boston, MA (USA) (i)",
Jonas RAESS,SUI,1221,27 JAN 2023,"Boston Univ. Track & Tennis Center, Boston, MA (USA) (i)",
Jonas RAESS,SUI,1142,26 JAN 2024,"Boston Univ. Track & Tennis Center, Boston, MA (USA) (i)",
Jonas RAESS,SUI,,13 JUL 2019,Napoli (ITA),1.
Jonas RAESS,SUI,,28 JUN 2024,"Stadion Deutweg, Winterthur (SUI)",1.
Jonas RAESS,SUI,,29 JUL 2023,"Stadio Comunale, Bellinzona (SUI)",1.
Jonas RAESS,SUI,,25 JUN 2021,"Stadion Hard, Langenthal (SUI)",1.
Jonas RAESS,SUI,,11 SEP 2020,"Stadion Schützenmatte, Basel (SUI)",1.
Jonas RAESS,SUI,,23 AUG 2019,"Stadion Schützenmatte, Basel (SUI)",1.
Jonas RAESS,SUI,,21 JUL 2017,Zürich (SUI),1.
Jonas RAESS,SUI,1153,17 MAY 2024,"Drake Stadium, Los Angeles, CA (USA)",9.
Jonas RAESS,SUI,1097,08 JUN 2024,"Stadio Olimpico, Roma (ITA)",16.
Jonas RAESS,SUI,1118,22 JUN 2024,"LAZ Wien, Wien (AUT)",15.
Jonas RAESS,SUI,1045,28 JUN 2024,"Stadion Deutweg, Winterthur (SUI)",1.
Jonas RAESS,SUI,1142,26 JAN 2024,"Boston Univ. Track & Tennis Center, Boston, MA (USA) (i)",15.
Jonas RAESS,SUI,,03 AUG 2021,"National Stadium, Tokyo (JPN)",25.
Jonas RAESS,SUI,,24 AUG 2023,"Nemzeti Atlétikai Központ, Budapest (HUN)",22.
Jonas RAESS,SUI,,08 JUN 2024,"Stadio Olimpico, Roma (ITA)",16.
Jonas RAESS,SUI,,16 AUG 2022,"Olympiastadion, München (GER)",15.
Jonas RAESS,SUI,,11 AUG 2018,"Olympiastadion, Berlin (GER)",21.
Jonas RAESS,SUI,,13 JUL 2019,Napoli (ITA),1.
Jonas RAESS,SUI,,11 JUL 2019,Napoli (ITA),5.
Jonas RAESS,SUI,,28 AUG 2017,"Taipei Municipal Stadium, Taipei City (TPE)",8.
Jonas RAESS,SUI,,26 AUG 2017,"Taipei Municipal Stadium, Taipei City (TPE)",2.
Jonas RAESS,SUI,,03 AUG 2021,"National Stadium, Tokyo (JPN)",25.
Jonas RAESS,SUI,,24 AUG 2023,"Nemzeti Atlétikai Központ, Budapest (HUN)",22.
Jonas RAESS,SUI,,08 JUN 2024,"Stadio Olimpico, Roma (ITA)",16.
Jonas RAESS,SUI,,16 AUG 2022,"Olympiastadion, München (GER)",15.
Jonas RAESS,SUI,,11 AUG 2018,"Olympiastadion, Berlin (GER)",21.
Jonas RAESS,SUI,,13 JUL 2019,Napoli (ITA),1.
Jonas RAESS,SUI,,11 JUL 2019,Napoli (ITA),5.
Jonas RAESS,SUI,,28 AUG 2017,"Taipei Municipal Stadium, Taipei City (TPE)",8.
Jonas RAESS,SUI,,26 AUG 2017,"Taipei Municipal Stadium, Taipei City (TPE)",2.
Jonas RAESS,SUI,1232,12 FEB 2022,"Boston Univ. Track & Tennis Center, Boston, MA (USA) (i)",
Jonas RAESS,SUI,1232,12 FEB 2022,"Boston Univ. Track & Tennis Center, Boston, MA (USA) (i)",
Jonas RAESS,SUI,1153,17 MAY 2024,"Drake Stadium, Los Angeles, CA (USA)",
Jonas RAESS,SUI,1142,26 JAN 2024,"Boston Univ. Track & Tennis Center, Boston, MA (USA) (i)",
Jonas RAESS,SUI,,,,
Jonas RAESS,SUI,,,,
Jonas RAESS,SUI,,,,
Jonas RAESS,SUI,,,,
Jonas RAESS,SUI,,,,
Jonas RAESS,SUI,,,,
Jonas RAESS,SUI,,,,
Jonas RAESS,SUI,,,,
Jonas RAESS,SUI,,,,
Jonas RAESS,SUI,,,,
Jonas RAESS,SUI,,,,
Jonas RAESS,SUI,,,,
Jonas RAESS,SUI,,13 JUL 2019,Napoli (ITA),1.
Jonas RAESS,SUI,,28 JUN 2024,"Stadion Deutweg, Winterthur (SUI)",1.
Jonas RAESS,SUI,,29 JUL 2023,"Stadio Comunale, Bellinzona (SUI)",1.
Jonas RAESS,SUI,,25 JUN 2021,"Stadion Hard, Langenthal (SUI)",1.
Jonas RAESS,SUI,,11 SEP 2020,"Stadion Schützenmatte, Basel (SUI)",1.
Jonas RAESS,SUI,,23 AUG 2019,"Stadion Schützenmatte, Basel (SUI)",1.
Jonas RAESS,SUI,,21 JUL 2017,Zürich (SUI),1.
Jonas RAESS,SUI,,,,
Jonas RAESS,SUI,,,,
Jonas RAESS,SUI,,,,
Jonas RAESS,SUI,,,,
Jonas RAESS,SUI,,,,
Egide NTAKARUTIMANA,BDI,1207,06 JUL 2024,"Parc des Sports, Maisons-Laffitte (FRA)",
Egide NTAKARUTIMANA,BDI,1207,06 JUL 2024,"Parc des Sports, Maisons-Laffitte (FRA)",
Egide NTAKARUTIMANA,BDI,1111,03 SEP 2021,"Stadio San Cassiano, Alba (ITA)",
Egide NTAKARUTIMANA,BDI,1179,30 AUG 2022,"Stadio Quercia, Rovereto (ITA)",
Egide NTAKARUTIMANA,BDI,1196,17 JUN 2023,"LAZ Wien, Wien (AUT)",
Egide NTAKARUTIMANA,BDI,1207,06 JUL 2024,"Parc des Sports, Maisons-Laffitte (FRA)",
Egide NTAKARUTIMANA,BDI,1168,25 MAY 2024,"Boudewijnstadion, Bruxelles (BEL)",6.
Egide NTAKARUTIMANA,BDI,1195,02 JUN 2024,"Polisportivo Comunale, San Vito al Tagliamento (ITA)",1.
Egide NTAKARUTIMANA,BDI,1166,15 JUN 2024,"Stadion De Veen, Heusden-Zolder (BEL)",2.
Egide NTAKARUTIMANA,BDI,0,22 JUN 2024,"LAZ Wien, Wien (AUT)",
Egide NTAKARUTIMANA,BDI,1207,06 JUL 2024,"Parc des Sports, Maisons-Laffitte (FRA)",1.
Egide NTAKARUTIMANA,BDI,,24 AUG 2023,"Nemzeti Atlétikai Központ, Budapest (HUN)",21.
Egide NTAKARUTIMANA,BDI,,24 AUG 2023,"Nemzeti Atlétikai Központ, Budapest (HUN)",21.
Egide NTAKARUTIMANA,BDI,1207,06 JUL 2024,"Parc des Sports, Maisons-Laffitte (FRA)",
Egide NTAKARUTIMANA,BDI,1207,06 JUL 2024,"Parc des Sports, Maisons-Laffitte (FRA)",
Egide NTAKARUTIMANA,BDI,,,,
Egide NTAKARUTIMANA,BDI,,,,
Egide NTAKARUTIMANA,BDI,,,,
Egide NTAKARUTIMANA,BDI,,,,
Egide NTAKARUTIMANA,BDI,,,,
Egide NTAKARUTIMANA,BDI,,,,
Egide NTAKARUTIMANA,BDI,,,,
Egide NTAKARUTIMANA,BDI,,,,
Egide NTAKARUTIMANA,BDI,,,,
Isaac KIMELI,BEL,1222,15 MAY 2024,"Olympiastadion, Stockholm (SWE)",
Isaac KIMELI,BEL,1222,15 MAY 2024,"Olympiastadion, Stockholm (SWE)",
Isaac KIMELI,BEL,1086,02 AUG 2014,Ninove (BEL),
Isaac KIMELI,BEL,1076,23 MAY 2015,Oordegem (BEL),
Isaac KIMELI,BEL,1133,03 MAY 2018,"Palo Alto, CA (USA)",
Isaac KIMELI,BEL,1162,06 SEP 2019,"Boudewijnstadion, Bruxelles (BEL)",
Isaac KIMELI,BEL,1133,17 JUL 2021,"VITA Atletiek, Ninove (BEL)",
Isaac KIMELI,BEL,1192,02 JUN 2022,"Stade des Grands Pêchers, Montreuil (FRA)",
Isaac KIMELI,BEL,1147,17 JUN 2023,"LAZ Wien, Wien (AUT)",
Isaac KIMELI,BEL,1222,15 MAY 2024,"Olympiastadion, Stockholm (SWE)",
Isaac KIMELI,BEL,,06 SEP 2019,"Boudewijnstadion, Bruxelles (BEL)",1.
Isaac KIMELI,BEL,,11 JUL 2015,"Kadrioru staadion, Tallinn (EST)",2.
Isaac KIMELI,BEL,,29 JUL 2023,"Sport Vlaanderen Brugge Julien Saelens, Brugge (BEL)",1.
Isaac KIMELI,BEL,1222,15 MAY 2024,"Olympiastadion, Stockholm (SWE)",2.
Isaac KIMELI,BEL,,03 AUG 2021,"National Stadium, Tokyo (JPN)",32.
Isaac KIMELI,BEL,,30 SEP 2019,"Khalifa International Stadium, Doha (QAT)",14.
Isaac KIMELI,BEL,,27 SEP 2019,"Khalifa International Stadium, Doha (QAT)",6.
Isaac KIMELI,BEL,,16 AUG 2022,"Olympiastadion, München (GER)",11.
Isaac KIMELI,BEL,,11 AUG 2018,"Olympiastadion, Berlin (GER)",
Isaac KIMELI,BEL,,11 JUL 2015,"Kadrioru staadion, Tallinn (EST)",2.
Isaac KIMELI,BEL,1222,15 MAY 2024,"Olympiastadion, Stockholm (SWE)",
Isaac KIMELI,BEL,1222,15 MAY 2024,"Olympiastadion, Stockholm (SWE)",
Isaac KIMELI,BEL,,,,
Isaac KIMELI,BEL,,,,
Isaac KIMELI,BEL,,,,
Isaac KIMELI,BEL,,,,
Isaac KIMELI,BEL,,,,
Isaac KIMELI,BEL,,,,
Isaac KIMELI,BEL,,,,
Isaac KIMELI,BEL,,,,
Isaac KIMELI,BEL,,06 SEP 2019,"Boudewijnstadion, Bruxelles (BEL)",1.
Isaac KIMELI,BEL,,11 JUL 2015,"Kadrioru staadion, Tallinn (EST)",2.
Isaac KIMELI,BEL,,29 JUL 2023,"Sport Vlaanderen Brugge Julien Saelens, Brugge (BEL)",1.
Isaac KIMELI,BEL,,,,
Isaac KIMELI,BEL,,03 AUG 2021,"National Stadium, Tokyo (JPN)",32.
Isaac KIMELI,BEL,,30 SEP 2019,"Khalifa International Stadium, Doha (QAT)",14.
Isaac KIMELI,BEL,,27 SEP 2019,"Khalifa International Stadium, Doha (QAT)",6.
Isaac KIMELI,BEL,,16 AUG 2022,"Olympiastadion, München (GER)",11.
Isaac KIMELI,BEL,,11 AUG 2018,"Olympiastadion, Berlin (GER)",
Isaac KIMELI,BEL,,11 JUL 2015,"Kadrioru staadion, Tallinn (EST)",2.
Adel MECHAAL,ESP,1188,16 JUN 2022,"Bislett Stadion, Oslo (NOR)",
Adel MECHAAL,ESP,1158,30 APR 2024,"Estadio Iberoamericano, Huelva (ESP)",
Adel MECHAAL,ESP,928,25 AUG 2012,Pamplona (ESP),
Adel MECHAAL,ESP,965,01 AUG 2015,Castellón (ESP),
Adel MECHAAL,ESP,1154,03 JUN 2016,Huelva (ESP),
Adel MECHAAL,ESP,1111,27 AUG 2017,"Olympiastadion, Berlin (GER)",
Adel MECHAAL,ESP,1102,19 JUL 2018,Dublin (IRL),
Adel MECHAAL,ESP,1082,31 AUG 2019,"Estadi Olímpic Camilo Cano, La Nucia (ESP)",
Adel MECHAAL,ESP,1188,16 JUN 2022,"Bislett Stadion, Oslo (NOR)",
Adel MECHAAL,ESP,1129,15 JUN 2023,"Bislett Stadion, Oslo (NOR)",
Adel MECHAAL,ESP,1158,30 APR 2024,"Estadio Iberoamericano, Huelva (ESP)",
Adel MECHAAL,ESP,,10 JUL 2016,"Olympisch Stadion, Amsterdam (NED)",2.
Adel MECHAAL,ESP,,08 JUN 2024,"Stadio Olimpico, Roma (ITA)",4.
Adel MECHAAL,ESP,,22 JUL 2017,Barcelona (ESP),1.
Adel MECHAAL,ESP,,01 AUG 2015,Castellón (ESP),1.
Adel MECHAAL,ESP,1158,30 APR 2024,"Estadio Iberoamericano, Huelva (ESP)",1.
Adel MECHAAL,ESP,0,22 MAY 2024,"Estadio Enrique Lopez Cuenca, Nerja (ESP)",
Adel MECHAAL,ESP,1128,08 JUN 2024,"Stadio Olimpico, Roma (ITA)",4.
Adel MECHAAL,ESP,1121,28 JUN 2024,"Estadi Olímpic Camilo Cano, La Nucia (ESP)",2.
Adel MECHAAL,ESP,,17 AUG 2016,"Estádio Olímpico, Rio de Janeiro (BRA)",17.
Adel MECHAAL,ESP,,21 JUL 2022,"Hayward Field, Eugene, OR (USA)",22.
Adel MECHAAL,ESP,,08 JUN 2024,"Stadio Olimpico, Roma (ITA)",4.
Adel MECHAAL,ESP,,16 AUG 2022,"Olympiastadion, München (GER)",14.
Adel MECHAAL,ESP,,11 AUG 2018,"Olympiastadion, Berlin (GER)",
Adel MECHAAL,ESP,,10 JUL 2016,"Olympisch Stadion, Amsterdam (NED)",2.
Adel MECHAAL,ESP,,17 AUG 2016,"Estádio Olímpico, Rio de Janeiro (BRA)",17.
Adel MECHAAL,ESP,,21 JUL 2022,"Hayward Field, Eugene, OR (USA)",22.
Adel MECHAAL,ESP,,08 JUN 2024,"Stadio Olimpico, Roma (ITA)",4.
Adel MECHAAL,ESP,,16 AUG 2022,"Olympiastadion, München (GER)",14.
Adel MECHAAL,ESP,,11 AUG 2018,"Olympiastadion, Berlin (GER)",
Adel MECHAAL,ESP,,10 JUL 2016,"Olympisch Stadion, Amsterdam (NED)",2.
Adel MECHAAL,ESP,1188,16 JUN 2022,"Bislett Stadion, Oslo (NOR)",
Adel MECHAAL,ESP,1158,30 APR 2024,"Estadio Iberoamericano, Huelva (ESP)",
Adel MECHAAL,ESP,,,,
Adel MECHAAL,ESP,,,,
Adel MECHAAL,ESP,,,,
Adel MECHAAL,ESP,,,,
Adel MECHAAL,ESP,,,,
Adel MECHAAL,ESP,,,,
Adel MECHAAL,ESP,,,,
Adel MECHAAL,ESP,,,,
Adel MECHAAL,ESP,,,,
Adel MECHAAL,ESP,,10 JUL 2016,"Olympisch Stadion, Amsterdam (NED)",2.
Adel MECHAAL,ESP,,08 JUN 2024,"Stadio Olimpico, Roma (ITA)",4.
Adel MECHAAL,ESP,,22 JUL 2017,Barcelona (ESP),1.
Adel MECHAAL,ESP,,01 AUG 2015,Castellón (ESP),1.
Adel MECHAAL,ESP,,,,
Adel MECHAAL,ESP,,,,
Adel MECHAAL,ESP,,,,
Adel MECHAAL,ESP,,,,
Paul CHELIMO,USA,1219,31 AUG 2018,"Boudewijnstadion, Bruxelles (BEL)",
Paul CHELIMO,USA,1225,18 MAR 2021,"Virginia Beach Sports Center, Virginia Beach, VA (USA) (i)",
Paul CHELIMO,USA,1132,04 MAY 2024,"Stade Raymond Troussier, Decines (FRA)",
Paul CHELIMO,USA,1023,04 JUN 2011,"Nashville, TN (USA)",
Paul CHELIMO,USA,1131,29 APR 2012,"Palo Alto, CA (USA)",
Paul CHELIMO,USA,1080,28 APR 2013,"Palo Alto, CA (USA)",
Paul CHELIMO,USA,1078,02 MAY 2015,"Palo Alto, CA (USA)",
Paul CHELIMO,USA,1195,20 AUG 2016,"Estádio Olímpico, Rio de Janeiro (BRA)",
Paul CHELIMO,USA,1178,23 JUN 2017,"Sacramento, CA (USA)",
Paul CHELIMO,USA,1219,31 AUG 2018,"Boudewijnstadion, Bruxelles (BEL)",
Paul CHELIMO,USA,1193,30 SEP 2019,"Khalifa International Stadium, Doha (QAT)",
Paul CHELIMO,USA,1213,06 AUG 2021,"National Stadium, Tokyo (JPN)",
Paul CHELIMO,USA,1120,26 JUN 2022,"Hayward Field, Eugene, OR (USA)",
Paul CHELIMO,USA,1198,17 JUN 2023,"LAZ Wien, Wien (AUT)",
Paul CHELIMO,USA,1132,04 MAY 2024,"Stade Raymond Troussier, Decines (FRA)",
Paul CHELIMO,USA,993,18 FEB 2011,"Rome, GA (USA) (i)",
Paul CHELIMO,USA,1225,18 MAR 2021,"Virginia Beach Sports Center, Virginia Beach, VA (USA) (i)",
Paul CHELIMO,USA,,20 AUG 2016,"Estádio Olímpico, Rio de Janeiro (BRA)",2.
Paul CHELIMO,USA,,06 AUG 2021,"National Stadium, Tokyo (JPN)",3.
Paul CHELIMO,USA,,12 AUG 2017,"Olympic Stadium, London (GBR)",3.
Paul CHELIMO,USA,,30 SEP 2019,"Khalifa International Stadium, Doha (QAT)",7.
Paul CHELIMO,USA,,21 JUL 2018,"Olympic Stadium, London (GBR)",1.
Paul CHELIMO,USA,,12 JUL 2013,"Central Stadium, Kazan (RUS)",2.
Paul CHELIMO,USA,,27 JUN 2021,"Hayward Field, Eugene, OR (USA)",1.
Paul CHELIMO,USA,,24 JUN 2018,"Drake Stadium, Des Moines, IA (USA)",1.
Paul CHELIMO,USA,,23 JUN 2017,"Sacramento, CA (USA)",1.
Paul CHELIMO,USA,1132,04 MAY 2024,"Stade Raymond Troussier, Decines (FRA)",2.
Paul CHELIMO,USA,1120,15 MAY 2024,"Olympiastadion, Stockholm (SWE)",5.
Paul CHELIMO,USA,1068,27 JUN 2024,"Hayward Field, Eugene, OR (USA)",12.
Paul CHELIMO,USA,,06 AUG 2021,"National Stadium, Tokyo (JPN)",3.
Paul CHELIMO,USA,,03 AUG 2021,"National Stadium, Tokyo (JPN)",2.
Paul CHELIMO,USA,,20 AUG 2016,"Estádio Olímpico, Rio de Janeiro (BRA)",2.
Paul CHELIMO,USA,,17 AUG 2016,"Estádio Olímpico, Rio de Janeiro (BRA)",1.
Paul CHELIMO,USA,,27 AUG 2023,"Nemzeti Atlétikai Központ, Budapest (HUN)",15.
Paul CHELIMO,USA,,24 AUG 2023,"Nemzeti Atlétikai Központ, Budapest (HUN)",15.
Paul CHELIMO,USA,,30 SEP 2019,"Khalifa International Stadium, Doha (QAT)",7.
Paul CHELIMO,USA,,27 SEP 2019,"Khalifa International Stadium, Doha (QAT)",1.
Paul CHELIMO,USA,,12 AUG 2017,"Olympic Stadium, London (GBR)",3.
Paul CHELIMO,USA,,09 AUG 2017,"Olympic Stadium, London (GBR)",8.
Paul CHELIMO,USA,,12 JUL 2013,"Central Stadium, Kazan (RUS)",2.
Paul CHELIMO,USA,,10 JUL 2013,"Central Stadium, Kazan (RUS)",1.
Paul CHELIMO,USA,,06 AUG 2021,"National Stadium, Tokyo (JPN)",3.
Paul CHELIMO,USA,,03 AUG 2021,"National Stadium, Tokyo (JPN)",2.
Paul CHELIMO,USA,,20 AUG 2016,"Estádio Olímpico, Rio de Janeiro (BRA)",2.
Paul CHELIMO,USA,,17 AUG 2016,"Estádio Olímpico, Rio de Janeiro (BRA)",1.
Paul CHELIMO,USA,,27 AUG 2023,"Nemzeti Atlétikai Központ, Budapest (HUN)",15.
Paul CHELIMO,USA,,24 AUG 2023,"Nemzeti Atlétikai Központ, Budapest (HUN)",15.
Paul CHELIMO,USA,,30 SEP 2019,"Khalifa International Stadium, Doha (QAT)",7.
Paul CHELIMO,USA,,27 SEP 2019,"Khalifa International Stadium, Doha (QAT)",1.
Paul CHELIMO,USA,,12 AUG 2017,"Olympic Stadium, London (GBR)",3.
Paul CHELIMO,USA,,09 AUG 2017,"Olympic Stadium, London (GBR)",8.
Paul CHELIMO,USA,,12 JUL 2013,"Central Stadium, Kazan (RUS)",2.
Paul CHELIMO,USA,,10 JUL 2013,"Central Stadium, Kazan (RUS)",1.
Paul CHELIMO,USA,1219,31 AUG 2018,"Boudewijnstadion, Bruxelles (BEL)",
Paul CHELIMO,USA,1225,18 MAR 2021,"Virginia Beach Sports Center, Virginia Beach, VA (USA) (i)",
Paul CHELIMO,USA,1132,04 MAY 2024,"Stade Raymond Troussier, Decines (FRA)",
Paul CHELIMO,USA,,,,
Paul CHELIMO,USA,,,,
Paul CHELIMO,USA,,,,
Paul CHELIMO,USA,,,,
Paul CHELIMO,USA,,,,
Paul CHELIMO,USA,,,,
Paul CHELIMO,USA,,,,
Paul CHELIMO,USA,,,,
Paul CHELIMO,USA,,,,
Paul CHELIMO,USA,,,,
Paul CHELIMO,USA,,,,
Paul CHELIMO,USA,,,,
Paul CHELIMO,USA,,,,
Paul CHELIMO,USA,,,,
Paul CHELIMO,USA,,20 AUG 2016,"Estádio Olímpico, Rio de Janeiro (BRA)",2.
Paul CHELIMO,USA,,06 AUG 2021,"National Stadium, Tokyo (JPN)",3.
Paul CHELIMO,USA,,12 AUG 2017,"Olympic Stadium, London (GBR)",3.
Paul CHELIMO,USA,,30 SEP 2019,"Khalifa International Stadium, Doha (QAT)",7.
Paul CHELIMO,USA,,21 JUL 2018,"Olympic Stadium, London (GBR)",1.
Paul CHELIMO,USA,,12 JUL 2013,"Central Stadium, Kazan (RUS)",2.
Paul CHELIMO,USA,,27 JUN 2021,"Hayward Field, Eugene, OR (USA)",1.
Paul CHELIMO,USA,,24 JUN 2018,"Drake Stadium, Des Moines, IA (USA)",1.
Paul CHELIMO,USA,,23 JUN 2017,"Sacramento, CA (USA)",1.
Paul CHELIMO,USA,,,,
Paul CHELIMO,USA,,,,
Paul CHELIMO,USA,,,,
John HEYMANS,BEL,1250,26 JAN 2024,"Boston Univ. Track & Tennis Center, Boston, MA (USA) (i)",
John HEYMANS,BEL,1250,26 JAN 2024,"Boston Univ. Track & Tennis Center, Boston, MA (USA) (i)",
John HEYMANS,BEL,1250,26 JAN 2024,"Boston Univ. Track & Tennis Center, Boston, MA (USA) (i)",
John HEYMANS,BEL,1250,26 JAN 2024,"Boston Univ. Track & Tennis Center, Boston, MA (USA) (i)",
John HEYMANS,BEL,1058,06 SEP 2020,"Stadion De Veen, Heusden-Zolder (BEL)",
John HEYMANS,BEL,1158,05 JUL 2023,"Stade Pierre de Coubertin, Montgeron (FRA)",
John HEYMANS,BEL,1250,26 JAN 2024,"Boston Univ. Track & Tennis Center, Boston, MA (USA) (i)",
John HEYMANS,BEL,1250,26 JAN 2024,"Boston Univ. Track & Tennis Center, Boston, MA (USA) (i)",
John HEYMANS,BEL,996,12 MAY 2024,"Atletiekarena Gaston Roelants, Kessel-Lo (BEL)",1.
John HEYMANS,BEL,1116,08 JUN 2024,"Stadio Olimpico, Roma (ITA)",10.
John HEYMANS,BEL,1250,26 JAN 2024,"Boston Univ. Track & Tennis Center, Boston, MA (USA) (i)",5.
John HEYMANS,BEL,,24 AUG 2023,"Nemzeti Atlétikai Központ, Budapest (HUN)",26.
John HEYMANS,BEL,,08 JUN 2024,"Stadio Olimpico, Roma (ITA)",10.
John HEYMANS,BEL,,24 AUG 2023,"Nemzeti Atlétikai Központ, Budapest (HUN)",26.
John HEYMANS,BEL,,08 JUN 2024,"Stadio Olimpico, Roma (ITA)",10.
John HEYMANS,BEL,1250,26 JAN 2024,"Boston Univ. Track & Tennis Center, Boston, MA (USA) (i)",
John HEYMANS,BEL,1250,26 JAN 2024,"Boston Univ. Track & Tennis Center, Boston, MA (USA) (i)",
John HEYMANS,BEL,1250,26 JAN 2024,"Boston Univ. Track & Tennis Center, Boston, MA (USA) (i)",
John HEYMANS,BEL,1250,26 JAN 2024,"Boston Univ. Track & Tennis Center, Boston, MA (USA) (i)",
John HEYMANS,BEL,,,,
John HEYMANS,BEL,,,,
John HEYMANS,BEL,,,,
John HEYMANS,BEL,,,,
John HEYMANS,BEL,,,,
John HEYMANS,BEL,,,,
John HEYMANS,BEL,,,,
Oscar CHELIMO,UGA,1230,30 MAY 2024,"Bislett Stadion, Oslo (NOR)",
Oscar CHELIMO,UGA,1230,30 MAY 2024,"Bislett Stadion, Oslo (NOR)",
Oscar CHELIMO,UGA,955,01 JUN 2017,Ponzano Veneto (ITA),
Oscar CHELIMO,UGA,1092,23 AUG 2018,Rovereto (ITA),
Oscar CHELIMO,UGA,1137,06 JUN 2019,"Stadio Olimpico, Roma (ITA)",
Oscar CHELIMO,UGA,1185,12 MAY 2021,"Campo Sportivo Putti, Bergamo (ITA)",
Oscar CHELIMO,UGA,1208,02 SEP 2022,"Boudewijnstadion, Bruxelles (BEL)",
Oscar CHELIMO,UGA,1090,24 AUG 2023,"Nemzeti Atlétikai Központ, Budapest (HUN)",
Oscar CHELIMO,UGA,1230,30 MAY 2024,"Bislett Stadion, Oslo (NOR)",
Oscar CHELIMO,UGA,,24 JUL 2022,"Hayward Field, Eugene, OR (USA)",3.
Oscar CHELIMO,UGA,,14 JUL 2018,"Ratinan Stadion, Tampere (FIN)",7.
Oscar CHELIMO,UGA,,30 AUG 2019,"Complexe Sportif Prince Moulay Abdellah, Rabat (MAR)",5.
Oscar CHELIMO,UGA,1230,30 MAY 2024,"Bislett Stadion, Oslo (NOR)",10.
Oscar CHELIMO,UGA,1213,22 JUN 2024,"LAZ Wien, Wien (AUT)",1.
Oscar CHELIMO,UGA,,06 AUG 2021,"National Stadium, Tokyo (JPN)",16.
Oscar CHELIMO,UGA,,03 AUG 2021,"National Stadium, Tokyo (JPN)",14.
Oscar CHELIMO,UGA,,27 AUG 2023,"Nemzeti Atlétikai Központ, Budapest (HUN)",
Oscar CHELIMO,UGA,,24 AUG 2023,"Nemzeti Atlétikai Központ, Budapest (HUN)",5.
Oscar CHELIMO,UGA,,24 JUL 2022,"Hayward Field, Eugene, OR (USA)",3.
Oscar CHELIMO,UGA,,21 JUL 2022,"Hayward Field, Eugene, OR (USA)",9.
Oscar CHELIMO,UGA,,27 SEP 2019,"Khalifa International Stadium, Doha (QAT)",28.
Oscar CHELIMO,UGA,,30 AUG 2019,"Complexe Sportif Prince Moulay Abdellah, Rabat (MAR)",5.
Oscar CHELIMO,UGA,,19 APR 2019,Abidjan (CIV),6.
Oscar CHELIMO,UGA,,14 JUL 2018,"Ratinan Stadion, Tampere (FIN)",7.
Oscar CHELIMO,UGA,,06 AUG 2021,"National Stadium, Tokyo (JPN)",16.
Oscar CHELIMO,UGA,,03 AUG 2021,"National Stadium, Tokyo (JPN)",14.
Oscar CHELIMO,UGA,,27 AUG 2023,"Nemzeti Atlétikai Központ, Budapest (HUN)",
Oscar CHELIMO,UGA,,24 AUG 2023,"Nemzeti Atlétikai Központ, Budapest (HUN)",5.
Oscar CHELIMO,UGA,,24 JUL 2022,"Hayward Field, Eugene, OR (USA)",3.
Oscar CHELIMO,UGA,,21 JUL 2022,"Hayward Field, Eugene, OR (USA)",9.
Oscar CHELIMO,UGA,,27 SEP 2019,"Khalifa International Stadium, Doha (QAT)",28.
Oscar CHELIMO,UGA,,30 AUG 2019,"Complexe Sportif Prince Moulay Abdellah, Rabat (MAR)",5.
Oscar CHELIMO,UGA,,19 APR 2019,Abidjan (CIV),6.
Oscar CHELIMO,UGA,,14 JUL 2018,"Ratinan Stadion, Tampere (FIN)",7.
Oscar CHELIMO,UGA,1230,30 MAY 2024,"Bislett Stadion, Oslo (NOR)",
Oscar CHELIMO,UGA,1230,30 MAY 2024,"Bislett Stadion, Oslo (NOR)",
Oscar CHELIMO,UGA,,,,
Oscar CHELIMO,UGA,,,,
Oscar CHELIMO,UGA,,,,
Oscar CHELIMO,UGA,,,,
Oscar CHELIMO,UGA,,,,
Oscar CHELIMO,UGA,,,,
Oscar CHELIMO,UGA,,,,
Oscar CHELIMO,UGA,,24 JUL 2022,"Hayward Field, Eugene, OR (USA)",3.
Oscar CHELIMO,UGA,,14 JUL 2018,"Ratinan Stadion, Tampere (FIN)",7.
Oscar CHELIMO,UGA,,30 AUG 2019,"Complexe Sportif Prince Moulay Abdellah, Rabat (MAR)",5.
Oscar CHELIMO,UGA,,,,
Oscar CHELIMO,UGA,,,,
Olin HACKER,USA,1229,26 JAN 2024,"Boston Univ. Track & Tennis Center, Boston, MA (USA) (i)",
Olin HACKER,USA,1229,26 JAN 2024,"Boston Univ. Track & Tennis Center, Boston, MA (USA) (i)",
Olin HACKER,USA,1229,26 JAN 2024,"Boston Univ. Track & Tennis Center, Boston, MA (USA) (i)",
Olin HACKER,USA,1229,26 JAN 2024,"Boston Univ. Track & Tennis Center, Boston, MA (USA) (i)",
Olin HACKER,USA,938,15 APR 2016,"Platteville, WI (USA)",
Olin HACKER,USA,1001,31 MAR 2017,"Palo Alto, CA (USA)",
Olin HACKER,USA,985,10 JUN 2018,"Portland, OR (USA)",
Olin HACKER,USA,1020,23 FEB 2019,"Ann Arbor, MI (USA) (i)",
Olin HACKER,USA,1083,22 JUN 2021,"McKenzie Community Track, Vida, OR (USA)",
Olin HACKER,USA,1140,23 APR 2022,"Hayward Field, Eugene, OR (USA)",
Olin HACKER,USA,1173,15 JUL 2023,"Stadion De Veen, Heusden-Zolder (BEL)",
Olin HACKER,USA,1229,26 JAN 2024,"Boston Univ. Track & Tennis Center, Boston, MA (USA) (i)",
Olin HACKER,USA,1020,23 FEB 2019,"Ann Arbor, MI (USA) (i)",
Olin HACKER,USA,1229,26 JAN 2024,"Boston Univ. Track & Tennis Center, Boston, MA (USA) (i)",
Olin HACKER,USA,,10 JUN 2022,"Hayward Field, Eugene, OR (USA)",1.
Olin HACKER,USA,1175,17 MAY 2024,"Drake Stadium, Los Angeles, CA (USA)",5.
Olin HACKER,USA,1086,27 JUN 2024,"Hayward Field, Eugene, OR (USA)",5.
Olin HACKER,USA,1095,30 JUN 2024,"Hayward Field, Eugene, OR (USA)",10.
Olin HACKER,USA,1229,26 JAN 2024,"Boston Univ. Track & Tennis Center, Boston, MA (USA) (i)",9.
Olin HACKER,USA,,23 JUL 2016,"Zdzisław Krzyszkowiak Stadium, Bydgoszcz (POL)",19.
Olin HACKER,USA,,23 JUL 2016,"Zdzisław Krzyszkowiak Stadium, Bydgoszcz (POL)",19.
Olin HACKER,USA,1229,26 JAN 2024,"Boston Univ. Track & Tennis Center, Boston, MA (USA) (i)",
Olin HACKER,USA,1229,26 JAN 2024,"Boston Univ. Track & Tennis Center, Boston, MA (USA) (i)",
Olin HACKER,USA,1229,26 JAN 2024,"Boston Univ. Track & Tennis Center, Boston, MA (USA) (i)",
Olin HACKER,USA,1229,26 JAN 2024,"Boston Univ. Track & Tennis Center, Boston, MA (USA) (i)",
Olin HACKER,USA,,,,
Olin HACKER,USA,,,,
Olin HACKER,USA,,,,
Olin HACKER,USA,,,,
Olin HACKER,USA,,,,
Olin HACKER,USA,,,,
Olin HACKER,USA,,,,
Olin HACKER,USA,,,,
Olin HACKER,USA,,,,
Olin HACKER,USA,,,,
Olin HACKER,USA,,10 JUN 2022,"Hayward Field, Eugene, OR (USA)",1.
Olin HACKER,USA,,,,
Olin HACKER,USA,,,,
Olin HACKER,USA,,,,
Olin HACKER,USA,,,,
Henrik INGEBRIGTSEN,NOR,1159,27 MAY 2023,"Putbosstadion, Oordegem (BEL)",
Henrik INGEBRIGTSEN,NOR,1113,25 MAY 2024,"Boudewijnstadion, Bruxelles (BEL)",
Henrik INGEBRIGTSEN,NOR,936,13 JUL 2013,"Ratinan Stadion, Tampere (FIN)",
Henrik INGEBRIGTSEN,NOR,1112,02 MAY 2015,"Palo Alto, CA (USA)",
Henrik INGEBRIGTSEN,NOR,1064,10 JUL 2016,"Olympisch Stadion, Amsterdam (NED)",
Henrik INGEBRIGTSEN,NOR,1148,03 MAY 2018,"Palo Alto, CA (USA)",
Henrik INGEBRIGTSEN,NOR,1154,20 JUL 2019,Heusden-Zolder (BEL),
Henrik INGEBRIGTSEN,NOR,1139,29 JUN 2020,"Bislett Stadion, Oslo (NOR)",
Henrik INGEBRIGTSEN,NOR,1149,04 JUN 2021,"Bislett Stadion, Oslo (NOR)",
Henrik INGEBRIGTSEN,NOR,1102,29 APR 2022,"Cobb Track and Angell Field, Palo Alto, CA (USA)",
Henrik INGEBRIGTSEN,NOR,1159,27 MAY 2023,"Putbosstadion, Oordegem (BEL)",
Henrik INGEBRIGTSEN,NOR,1113,25 MAY 2024,"Boudewijnstadion, Bruxelles (BEL)",
Henrik INGEBRIGTSEN,NOR,,11 AUG 2018,"Olympiastadion, Berlin (GER)",2.
Henrik INGEBRIGTSEN,NOR,,10 JUL 2016,"Olympisch Stadion, Amsterdam (NED)",4.
Henrik INGEBRIGTSEN,NOR,,13 JUL 2013,"Ratinan Stadion, Tampere (FIN)",1.
Henrik INGEBRIGTSEN,NOR,,02 AUG 2019,Hamar (NOR),1.
Henrik INGEBRIGTSEN,NOR,,17 AUG 2018,Byrkjelo (NOR),1.
Henrik INGEBRIGTSEN,NOR,,31 JUL 2015,Haugesund (NOR),1.
Henrik INGEBRIGTSEN,NOR,1089,15 MAY 2024,"Olympiastadion, Stockholm (SWE)",10.
Henrik INGEBRIGTSEN,NOR,1113,25 MAY 2024,"Boudewijnstadion, Bruxelles (BEL)",15.
Henrik INGEBRIGTSEN,NOR,1024,08 JUN 2024,"Stadio Olimpico, Roma (ITA)",25.
Henrik INGEBRIGTSEN,NOR,,24 AUG 2023,"Nemzeti Atlétikai Központ, Budapest (HUN)",24.
Henrik INGEBRIGTSEN,NOR,,30 SEP 2019,"Khalifa International Stadium, Doha (QAT)",13.
Henrik INGEBRIGTSEN,NOR,,27 SEP 2019,"Khalifa International Stadium, Doha (QAT)",7.
Henrik INGEBRIGTSEN,NOR,,08 JUN 2024,"Stadio Olimpico, Roma (ITA)",25.
Henrik INGEBRIGTSEN,NOR,,11 AUG 2018,"Olympiastadion, Berlin (GER)",2.
Henrik INGEBRIGTSEN,NOR,,10 JUL 2016,"Olympisch Stadion, Amsterdam (NED)",4.
Henrik INGEBRIGTSEN,NOR,,13 JUL 2013,"Ratinan Stadion, Tampere (FIN)",1.
Henrik INGEBRIGTSEN,NOR,,24 AUG 2023,"Nemzeti Atlétikai Központ, Budapest (HUN)",24.
Henrik INGEBRIGTSEN,NOR,,30 SEP 2019,"Khalifa International Stadium, Doha (QAT)",13.
Henrik INGEBRIGTSEN,NOR,,27 SEP 2019,"Khalifa International Stadium, Doha (QAT)",7.
Henrik INGEBRIGTSEN,NOR,,08 JUN 2024,"Stadio Olimpico, Roma (ITA)",25.
Henrik INGEBRIGTSEN,NOR,,11 AUG 2018,"Olympiastadion, Berlin (GER)",2.
Henrik INGEBRIGTSEN,NOR,,10 JUL 2016,"Olympisch Stadion, Amsterdam (NED)",4.
Henrik INGEBRIGTSEN,NOR,,13 JUL 2013,"Ratinan Stadion, Tampere (FIN)",1.
Henrik INGEBRIGTSEN,NOR,1159,27 MAY 2023,"Putbosstadion, Oordegem (BEL)",
Henrik INGEBRIGTSEN,NOR,1113,25 MAY 2024,"Boudewijnstadion, Bruxelles (BEL)",
Henrik INGEBRIGTSEN,NOR,,,,
Henrik INGEBRIGTSEN,NOR,,,,
Henrik INGEBRIGTSEN,NOR,,,,
Henrik INGEBRIGTSEN,NOR,,,,
Henrik INGEBRIGTSEN,NOR,,,,
Henrik INGEBRIGTSEN,NOR,,,,
Henrik INGEBRIGTSEN,NOR,,,,
Henrik INGEBRIGTSEN,NOR,,,,
Henrik INGEBRIGTSEN,NOR,,,,
Henrik INGEBRIGTSEN,NOR,,,,
Henrik INGEBRIGTSEN,NOR,,11 AUG 2018,"Olympiastadion, Berlin (GER)",2.
Henrik INGEBRIGTSEN,NOR,,10 JUL 2016,"Olympisch Stadion, Amsterdam (NED)",4.
Henrik INGEBRIGTSEN,NOR,,13 JUL 2013,"Ratinan Stadion, Tampere (FIN)",1.
Henrik INGEBRIGTSEN,NOR,,02 AUG 2019,Hamar (NOR),1.
Henrik INGEBRIGTSEN,NOR,,17 AUG 2018,Byrkjelo (NOR),1.
Henrik INGEBRIGTSEN,NOR,,31 JUL 2015,Haugesund (NOR),1.
Henrik INGEBRIGTSEN,NOR,,,,
Henrik INGEBRIGTSEN,NOR,,,,
Henrik INGEBRIGTSEN,NOR,,,,
Benjamin FLANAGAN,CAN,1245,26 JAN 2024,"Boston Univ. Track & Tennis Center, Boston, MA (USA) (i)",
Benjamin FLANAGAN,CAN,1245,26 JAN 2024,"Boston Univ. Track & Tennis Center, Boston, MA (USA) (i)",
Benjamin FLANAGAN,CAN,1245,26 JAN 2024,"Boston Univ. Track & Tennis Center, Boston, MA (USA) (i)",
Benjamin FLANAGAN,CAN,1245,26 JAN 2024,"Boston Univ. Track & Tennis Center, Boston, MA (USA) (i)",
Benjamin FLANAGAN,CAN,0,14 FEB 2014,"Geneva, OH (USA) (i)",
Benjamin FLANAGAN,CAN,939,01 MAY 2015,"Irvine, CA (USA)",
Benjamin FLANAGAN,CAN,0,12 FEB 2016,"Ames, IA (USA) (i)",
Benjamin FLANAGAN,CAN,0,09 FEB 2018,"Ames, IA (USA) (i)",
Benjamin FLANAGAN,CAN,1147,28 FEB 2020,"Boston Univ. Track & Tennis Center, Boston, MA (USA) (i)",
Benjamin FLANAGAN,CAN,1135,29 MAY 2021,"Bishop Feehan HS, Boston, MA (USA)",
Benjamin FLANAGAN,CAN,1120,14 JUN 2022,"Swangard Stadium, Burnaby (CAN)",
Benjamin FLANAGAN,CAN,1221,27 JAN 2023,"Boston Univ. Track & Tennis Center, Boston, MA (USA) (i)",
Benjamin FLANAGAN,CAN,1245,26 JAN 2024,"Boston Univ. Track & Tennis Center, Boston, MA (USA) (i)",
Benjamin FLANAGAN,CAN,1147,28 FEB 2020,"Boston Univ. Track & Tennis Center, Boston, MA (USA) (i)",
Benjamin FLANAGAN,CAN,1221,27 JAN 2023,"Boston Univ. Track & Tennis Center, Boston, MA (USA) (i)",
Benjamin FLANAGAN,CAN,1245,26 JAN 2024,"Boston Univ. Track & Tennis Center, Boston, MA (USA) (i)",
Benjamin FLANAGAN,CAN,,27 JUL 2023,"McLeod Stadium, Langley (CAN)",1.
Benjamin FLANAGAN,CAN,1104,27 JUN 2024,"Complexe Sportif Claude-Robillard, Montréal (CAN)",3.
Benjamin FLANAGAN,CAN,1245,26 JAN 2024,"Boston Univ. Track & Tennis Center, Boston, MA (USA) (i)",5.
Benjamin FLANAGAN,CAN,,24 AUG 2023,"Nemzeti Atlétikai Központ, Budapest (HUN)",23.
Benjamin FLANAGAN,CAN,,24 AUG 2023,"Nemzeti Atlétikai Központ, Budapest (HUN)",23.
Benjamin FLANAGAN,CAN,1245,26 JAN 2024,"Boston Univ. Track & Tennis Center, Boston, MA (USA) (i)",
Benjamin FLANAGAN,CAN,1245,26 JAN 2024,"Boston Univ. Track & Tennis Center, Boston, MA (USA) (i)",
Benjamin FLANAGAN,CAN,1245,26 JAN 2024,"Boston Univ. Track & Tennis Center, Boston, MA (USA) (i)",
Benjamin FLANAGAN,CAN,1245,26 JAN 2024,"Boston Univ. Track & Tennis Center, Boston, MA (USA) (i)",
Benjamin FLANAGAN,CAN,,,,
Benjamin FLANAGAN,CAN,,,,
Benjamin FLANAGAN,CAN,,,,
Benjamin FLANAGAN,CAN,,,,
Benjamin FLANAGAN,CAN,,,,
Benjamin FLANAGAN,CAN,,,,
Benjamin FLANAGAN,CAN,,,,
Benjamin FLANAGAN,CAN,,,,
Benjamin FLANAGAN,CAN,,,,
Benjamin FLANAGAN,CAN,,,,
Benjamin FLANAGAN,CAN,,,,
Benjamin FLANAGAN,CAN,,,,
Benjamin FLANAGAN,CAN,,27 JUL 2023,"McLeod Stadium, Langley (CAN)",1.
Benjamin FLANAGAN,CAN,,,,
Benjamin FLANAGAN,CAN,,,,
Magnus Tuv MYHRE,NOR,1175,15 JUN 2023,"Bislett Stadion, Oslo (NOR)",
Magnus Tuv MYHRE,NOR,1175,15 JUN 2023,"Bislett Stadion, Oslo (NOR)",
Magnus Tuv MYHRE,NOR,803,05 JUL 2019,Oslo (NOR),
Magnus Tuv MYHRE,NOR,1012,30 MAY 2020,"Greveskogen idrettspark, Tønsberg (NOR)",
Magnus Tuv MYHRE,NOR,1072,22 MAY 2021,"Greveskogen idrettspark, Tønsberg (NOR)",
Magnus Tuv MYHRE,NOR,1112,21 MAY 2022,"Olympiastadion, Stockholm (SWE)",
Magnus Tuv MYHRE,NOR,1175,15 JUN 2023,"Bislett Stadion, Oslo (NOR)",
Magnus Tuv MYHRE,NOR,,19 JUN 2021,"Cluj Arena, Cluj-Napoca (ROU)",1.
Magnus Tuv MYHRE,NOR,,06 JUL 2023,"Friidrettsstadion, Jessheim (NOR)",1.
Magnus Tuv MYHRE,NOR,,24 JUN 2022,"Øverlands Minde, Stjørdal (NOR)",1.
Magnus Tuv MYHRE,NOR,1141,18 MAY 2023,"Olympiastadion, Stockholm (SWE)",2.
Magnus Tuv MYHRE,NOR,1175,15 JUN 2023,"Bislett Stadion, Oslo (NOR)",10.
Magnus Tuv MYHRE,NOR,1145,30 JUN 2023,"Stade Olympique de la Pontaise, Lausanne (SUI)",9.
Magnus Tuv MYHRE,NOR,1101,06 JUL 2023,"Friidrettsstadion, Jessheim (NOR)",1.
Magnus Tuv MYHRE,NOR,1080,24 AUG 2023,"Nemzeti Atlétikai Központ, Budapest (HUN)",11.
Magnus Tuv MYHRE,NOR,,24 AUG 2023,"Nemzeti Atlétikai Központ, Budapest (HUN)",19.
Magnus Tuv MYHRE,NOR,,10 JUL 2021,"Kadrioru staadion, Tallinn (EST)",6.
Magnus Tuv MYHRE,NOR,,24 AUG 2023,"Nemzeti Atlétikai Központ, Budapest (HUN)",19.
Magnus Tuv MYHRE,NOR,,10 JUL 2021,"Kadrioru staadion, Tallinn (EST)",6.
Magnus Tuv MYHRE,NOR,1175,15 JUN 2023,"Bislett Stadion, Oslo (NOR)",
Magnus Tuv MYHRE,NOR,1175,15 JUN 2023,"Bislett Stadion, Oslo (NOR)",
Magnus Tuv MYHRE,NOR,,,,
Magnus Tuv MYHRE,NOR,,,,
Magnus Tuv MYHRE,NOR,,,,
Magnus Tuv MYHRE,NOR,,,,
Magnus Tuv MYHRE,NOR,,,,
Magnus Tuv MYHRE,NOR,,19 JUN 2021,"Cluj Arena, Cluj-Napoca (ROU)",1.
Magnus Tuv MYHRE,NOR,,06 JUL 2023,"Friidrettsstadion, Jessheim (NOR)",1.
Magnus Tuv MYHRE,NOR,,24 JUN 2022,"Øverlands Minde, Stjørdal (NOR)",1.
Magnus Tuv MYHRE,NOR,,,,
Magnus Tuv MYHRE,NOR,,,,
Magnus Tuv MYHRE,NOR,,,,
Magnus Tuv MYHRE,NOR,,,,
Magnus Tuv MYHRE,NOR,,,,
Emil DANIELSSON,SWE,1161,18 JUN 2023,"Slottsskogsvallen, Göteborg (SWE)",
Emil DANIELSSON,SWE,1111,08 JUN 2024,"Stadio Olimpico, Roma (ITA)",
Emil DANIELSSON,SWE,699,03 AUG 2014,Umea (SWE),
Emil DANIELSSON,SWE,911,14 JUN 2015,Huddinge (SWE),
Emil DANIELSSON,SWE,944,13 APR 2017,"Azusa, CA (USA)",
Emil DANIELSSON,SWE,889,05 AUG 2018,Huddinge (SWE),
Emil DANIELSSON,SWE,963,15 JUN 2019,Nijmegen (NED),
Emil DANIELSSON,SWE,1041,29 AUG 2020,"Slottsskogsvallen, Göteborg (SWE)",
Emil DANIELSSON,SWE,990,29 AUG 2021,"Ryavallen, Borås (SWE)",
Emil DANIELSSON,SWE,1117,29 APR 2022,"Cobb Track and Angell Field, Palo Alto, CA (USA)",
Emil DANIELSSON,SWE,1161,18 JUN 2023,"Slottsskogsvallen, Göteborg (SWE)",
Emil DANIELSSON,SWE,1111,08 JUN 2024,"Stadio Olimpico, Roma (ITA)",
Emil DANIELSSON,SWE,,30 JUL 2023,"Hällåsens IP, Söderhamn (SWE)",1.
Emil DANIELSSON,SWE,0,15 MAY 2024,"Olympiastadion, Stockholm (SWE)",
Emil DANIELSSON,SWE,1111,08 JUN 2024,"Stadio Olimpico, Roma (ITA)",12.
Emil DANIELSSON,SWE,996,30 JUN 2024,"Rimnersvallen, Uddevalla (SWE)",2.
Emil DANIELSSON,SWE,,24 AUG 2023,"Nemzeti Atlétikai Központ, Budapest (HUN)",36.
Emil DANIELSSON,SWE,,08 JUN 2024,"Stadio Olimpico, Roma (ITA)",12.
Emil DANIELSSON,SWE,,13 JUL 2019,"Gunder Hägg Stadion, Gävle (SWE)",22.
Emil DANIELSSON,SWE,,24 AUG 2023,"Nemzeti Atlétikai Központ, Budapest (HUN)",36.
Emil DANIELSSON,SWE,,08 JUN 2024,"Stadio Olimpico, Roma (ITA)",12.
Emil DANIELSSON,SWE,,13 JUL 2019,"Gunder Hägg Stadion, Gävle (SWE)",22.
Emil DANIELSSON,SWE,1161,18 JUN 2023,"Slottsskogsvallen, Göteborg (SWE)",
Emil DANIELSSON,SWE,1111,08 JUN 2024,"Stadio Olimpico, Roma (ITA)",
Emil DANIELSSON,SWE,,,,
Emil DANIELSSON,SWE,,,,
Emil DANIELSSON,SWE,,,,
Emil DANIELSSON,SWE,,,,
Emil DANIELSSON,SWE,,,,
Emil DANIELSSON,SWE,,,,
Emil DANIELSSON,SWE,,,,
Emil DANIELSSON,SWE,,,,
Emil DANIELSSON,SWE,,,,
Emil DANIELSSON,SWE,,,,
Emil DANIELSSON,SWE,,30 JUL 2023,"Hällåsens IP, Söderhamn (SWE)",1.
Emil DANIELSSON,SWE,,,,
Emil DANIELSSON,SWE,,,,
Emil DANIELSSON,SWE,,,,
Jack RAYNER,AUS,1188,16 JUN 2022,"Bislett Stadion, Oslo (NOR)",
Jack RAYNER,AUS,1150,15 FEB 2024,"Lakeside Stadium, Melbourne (AUS)",
Jack RAYNER,AUS,771,22 NOV 2012,Melbourne (AUS),
Jack RAYNER,AUS,904,12 MAR 2013,Perth (AUS),
Jack RAYNER,AUS,918,06 MAR 2014,Sydney (AUS),
Jack RAYNER,AUS,1038,21 MAR 2015,"Albert Park, Melbourne (AUS)",
Jack RAYNER,AUS,1010,05 MAR 2016,"Albert Park, Melbourne (AUS)",
Jack RAYNER,AUS,1063,02 JUN 2017,Nijmegen (NED),
Jack RAYNER,AUS,1017,27 FEB 2018,Melbourne (AUS),
Jack RAYNER,AUS,1086,13 MAR 2021,"SOPAC, Sydney (AUS)",
Jack RAYNER,AUS,1188,16 JUN 2022,"Bislett Stadion, Oslo (NOR)",
Jack RAYNER,AUS,1074,15 JUN 2023,"Bislett Stadion, Oslo (NOR)",
Jack RAYNER,AUS,1150,15 FEB 2024,"Lakeside Stadium, Melbourne (AUS)",
Jack RAYNER,AUS,,06 AUG 2022,"Alexander Stadium, Birmingham (GBR)",8.
Jack RAYNER,AUS,1150,15 FEB 2024,"Lakeside Stadium, Melbourne (AUS)",1.
Jack RAYNER,AUS,1063,14 APR 2024,"SA Athletic Stadium, Adelaide (AUS)",6.
Jack RAYNER,AUS,1142,20 APR 2024,"Egret Stadium, Xiamen (CHN)",14.
Jack RAYNER,AUS,1139,27 APR 2024,"Suzhou Olympic Sports Centre, Suzhou (CHN)",9.
Jack RAYNER,AUS,,06 AUG 2022,"Alexander Stadium, Birmingham (GBR)",8.
Jack RAYNER,AUS,,06 AUG 2022,"Alexander Stadium, Birmingham (GBR)",8.
Jack RAYNER,AUS,1188,16 JUN 2022,"Bislett Stadion, Oslo (NOR)",
Jack RAYNER,AUS,1150,15 FEB 2024,"Lakeside Stadium, Melbourne (AUS)",
Jack RAYNER,AUS,,,,
Jack RAYNER,AUS,,,,
Jack RAYNER,AUS,,,,
Jack RAYNER,AUS,,,,
Jack RAYNER,AUS,,,,
Jack RAYNER,AUS,,,,
Jack RAYNER,AUS,,,,
Jack RAYNER,AUS,,,,
Jack RAYNER,AUS,,,,
Jack RAYNER,AUS,,,,
Jack RAYNER,AUS,,,,
Jack RAYNER,AUS,,06 AUG 2022,"Alexander Stadium, Birmingham (GBR)",8.
Jack RAYNER,AUS,,,,
Jack RAYNER,AUS,,,,
Jack RAYNER,AUS,,,,
Jack RAYNER,AUS,,,,
Maximilian THORWIRTH,GER,1171,25 MAY 2024,"Boudewijnstadion, Bruxelles (BEL)",
Maximilian THORWIRTH,GER,1154,26 JAN 2024,"Boston Univ. Track & Tennis Center, Boston, MA (USA) (i)",
Maximilian THORWIRTH,GER,1171,25 MAY 2024,"Boudewijnstadion, Bruxelles (BEL)",
Maximilian THORWIRTH,GER,1154,26 JAN 2024,"Boston Univ. Track & Tennis Center, Boston, MA (USA) (i)",
Maximilian THORWIRTH,GER,953,19 MAY 2017,Karlsruhe (GER),
Maximilian THORWIRTH,GER,926,28 APR 2018,Leverkusen (GER),
Maximilian THORWIRTH,GER,1044,18 MAY 2019,Karlsruhe (GER),
Maximilian THORWIRTH,GER,1085,11 JUL 2020,"LAZ Wien, Wien (AUT)",
Maximilian THORWIRTH,GER,1074,15 MAY 2021,"LAZ Wien, Wien (AUT)",
Maximilian THORWIRTH,GER,1128,28 MAY 2022,"Putbosstadion, Oordegem (BEL)",
Maximilian THORWIRTH,GER,1143,17 JUN 2023,"LAZ Wien, Wien (AUT)",
Maximilian THORWIRTH,GER,1171,25 MAY 2024,"Boudewijnstadion, Bruxelles (BEL)",
Maximilian THORWIRTH,GER,1154,26 JAN 2024,"Boston Univ. Track & Tennis Center, Boston, MA (USA) (i)",
Maximilian THORWIRTH,GER,1031,15 FEB 2024,"Lakeside Stadium, Melbourne (AUS)",12.
Maximilian THORWIRTH,GER,0,19 MAY 2024,"Bungertstadion, Rehlingen (GER)",
Maximilian THORWIRTH,GER,1171,25 MAY 2024,"Boudewijnstadion, Bruxelles (BEL)",5.
Maximilian THORWIRTH,GER,1063,08 JUN 2024,"Stadio Olimpico, Roma (ITA)",22.
Maximilian THORWIRTH,GER,0,28 JUN 2024,"Eintracht-Stadion, Braunschweig (GER)",
Maximilian THORWIRTH,GER,1154,26 JAN 2024,"Boston Univ. Track & Tennis Center, Boston, MA (USA) (i)",13.
Maximilian THORWIRTH,GER,,21 JUL 2022,"Hayward Field, Eugene, OR (USA)",28.
Maximilian THORWIRTH,GER,,08 JUN 2024,"Stadio Olimpico, Roma (ITA)",22.
Maximilian THORWIRTH,GER,,29 MAY 2021,"Stadion Śląski, Chorzów (POL)",5.
Maximilian THORWIRTH,GER,,21 JUL 2022,"Hayward Field, Eugene, OR (USA)",28.
Maximilian THORWIRTH,GER,,08 JUN 2024,"Stadio Olimpico, Roma (ITA)",22.
Maximilian THORWIRTH,GER,,29 MAY 2021,"Stadion Śląski, Chorzów (POL)",5.
Maximilian THORWIRTH,GER,1171,25 MAY 2024,"Boudewijnstadion, Bruxelles (BEL)",
Maximilian THORWIRTH,GER,1154,26 JAN 2024,"Boston Univ. Track & Tennis Center, Boston, MA (USA) (i)",
Maximilian THORWIRTH,GER,1171,25 MAY 2024,"Boudewijnstadion, Bruxelles (BEL)",
Maximilian THORWIRTH,GER,1154,26 JAN 2024,"Boston Univ. Track & Tennis Center, Boston, MA (USA) (i)",
Maximilian THORWIRTH,GER,,,,
Maximilian THORWIRTH,GER,,,,
Maximilian THORWIRTH,GER,,,,
Maximilian THORWIRTH,GER,,,,
Maximilian THORWIRTH,GER,,,,
Maximilian THORWIRTH,GER,,,,
Maximilian THORWIRTH,GER,,,,
Maximilian THORWIRTH,GER,,,,
Maximilian THORWIRTH,GER,,,,
Maximilian THORWIRTH,GER,,,,
Maximilian THORWIRTH,GER,,,,
Maximilian THORWIRTH,GER,,,,
Maximilian THORWIRTH,GER,,,,
Maximilian THORWIRTH,GER,,,,
Maximilian THORWIRTH,GER,,,,
Etienne DAGUINOS,FRA,1154,27 MAY 2023,"Putbosstadion, Oordegem (BEL)",
Etienne DAGUINOS,FRA,1138,04 MAY 2024,"Stade Raymond Troussier, Decines (FRA)",
Etienne DAGUINOS,FRA,899,21 JUN 2019,Carquefou (FRA),
Etienne DAGUINOS,FRA,996,12 SEP 2020,"Stadium Municipal, Albi (FRA)",
Etienne DAGUINOS,FRA,1015,15 MAY 2021,"LAZ Wien, Wien (AUT)",
Etienne DAGUINOS,FRA,1115,28 MAY 2022,"Putbosstadion, Oordegem (BEL)",
Etienne DAGUINOS,FRA,1154,27 MAY 2023,"Putbosstadion, Oordegem (BEL)",
Etienne DAGUINOS,FRA,1138,04 MAY 2024,"Stade Raymond Troussier, Decines (FRA)",
Etienne DAGUINOS,FRA,1138,04 MAY 2024,"Stade Raymond Troussier, Decines (FRA)",1.
Etienne DAGUINOS,FRA,0,15 MAY 2024,"Olympiastadion, Stockholm (SWE)",
Etienne DAGUINOS,FRA,1102,08 JUN 2024,"Stadio Olimpico, Roma (ITA)",15.
Etienne DAGUINOS,FRA,1120,19 JUN 2024,"Stade de Stehelin, Bordeaux (FRA)",4.
Etienne DAGUINOS,FRA,,08 JUN 2024,"Stadio Olimpico, Roma (ITA)",15.
Etienne DAGUINOS,FRA,,21 JUL 2019,"Ryavallen, Borås (SWE)",21.
Etienne DAGUINOS,FRA,,08 JUN 2024,"Stadio Olimpico, Roma (ITA)",15.
Etienne DAGUINOS,FRA,,21 JUL 2019,"Ryavallen, Borås (SWE)",21.
Etienne DAGUINOS,FRA,1154,27 MAY 2023,"Putbosstadion, Oordegem (BEL)",
Etienne DAGUINOS,FRA,1138,04 MAY 2024,"Stade Raymond Troussier, Decines (FRA)",
Etienne DAGUINOS,FRA,,,,
Etienne DAGUINOS,FRA,,,,
Etienne DAGUINOS,FRA,,,,
Etienne DAGUINOS,FRA,,,,
Etienne DAGUINOS,FRA,,,,
Etienne DAGUINOS,FRA,,,,
Etienne DAGUINOS,FRA,,,,
Etienne DAGUINOS,FRA,,,,
Etienne DAGUINOS,FRA,,,,
Etienne DAGUINOS,FRA,,,,
Robin HENDRIX,BEL,1158,27 MAY 2023,"Putbosstadion, Oordegem (BEL)",
Robin HENDRIX,BEL,1196,11 FEB 2023,"Boston Univ. Track & Tennis Center, Boston, MA (USA) (i)",
Robin HENDRIX,BEL,1151,30 APR 2024,"Estadio Iberoamericano, Huelva (ESP)",
Robin HENDRIX,BEL,1104,19 APR 2018,"Azusa, CA (USA)",
Robin HENDRIX,BEL,1139,02 MAY 2019,"Palo Alto, CA (USA)",
Robin HENDRIX,BEL,1118,06 SEP 2020,"Stadion De Veen, Heusden-Zolder (BEL)",
Robin HENDRIX,BEL,1131,17 JUL 2021,"VITA Atletiek, Ninove (BEL)",
Robin HENDRIX,BEL,1093,02 JUN 2022,"Stade des Grands Pêchers, Montreuil (FRA)",
Robin HENDRIX,BEL,1158,27 MAY 2023,"Putbosstadion, Oordegem (BEL)",
Robin HENDRIX,BEL,1151,30 APR 2024,"Estadio Iberoamericano, Huelva (ESP)",
Robin HENDRIX,BEL,1196,11 FEB 2023,"Boston Univ. Track & Tennis Center, Boston, MA (USA) (i)",
Robin HENDRIX,BEL,,13 JUL 2019,Napoli (ITA),3.
Robin HENDRIX,BEL,,29 JUN 2024,"Boudewijnstadion, Bruxelles (BEL)",1.
Robin HENDRIX,BEL,1137,15 FEB 2024,"Lakeside Stadium, Melbourne (AUS)",3.
Robin HENDRIX,BEL,1151,30 APR 2024,"Estadio Iberoamericano, Huelva (ESP)",3.
Robin HENDRIX,BEL,1081,08 JUN 2024,"Stadio Olimpico, Roma (ITA)",20.
Robin HENDRIX,BEL,1108,29 JUN 2024,"Boudewijnstadion, Bruxelles (BEL)",1.
Robin HENDRIX,BEL,0,20 JUL 2024,"Stedelijke Atletiekpiste, Ninove (BEL)",
Robin HENDRIX,BEL,,03 AUG 2021,"National Stadium, Tokyo (JPN)",33.
Robin HENDRIX,BEL,,24 AUG 2023,"Nemzeti Atlétikai Központ, Budapest (HUN)",37.
Robin HENDRIX,BEL,,27 SEP 2019,"Khalifa International Stadium, Doha (QAT)",26.
Robin HENDRIX,BEL,,08 JUN 2024,"Stadio Olimpico, Roma (ITA)",20.
Robin HENDRIX,BEL,,11 AUG 2018,"Olympiastadion, Berlin (GER)",15.
Robin HENDRIX,BEL,,13 JUL 2019,Napoli (ITA),3.
Robin HENDRIX,BEL,,11 JUL 2019,Napoli (ITA),1.
Robin HENDRIX,BEL,,03 AUG 2021,"National Stadium, Tokyo (JPN)",33.
Robin HENDRIX,BEL,,24 AUG 2023,"Nemzeti Atlétikai Központ, Budapest (HUN)",37.
Robin HENDRIX,BEL,,27 SEP 2019,"Khalifa International Stadium, Doha (QAT)",26.
Robin HENDRIX,BEL,,08 JUN 2024,"Stadio Olimpico, Roma (ITA)",20.
Robin HENDRIX,BEL,,11 AUG 2018,"Olympiastadion, Berlin (GER)",15.
Robin HENDRIX,BEL,,13 JUL 2019,Napoli (ITA),3.
Robin HENDRIX,BEL,,11 JUL 2019,Napoli (ITA),1.
Robin HENDRIX,BEL,1158,27 MAY 2023,"Putbosstadion, Oordegem (BEL)",
Robin HENDRIX,BEL,1196,11 FEB 2023,"Boston Univ. Track & Tennis Center, Boston, MA (USA) (i)",
Robin HENDRIX,BEL,1151,30 APR 2024,"Estadio Iberoamericano, Huelva (ESP)",
Robin HENDRIX,BEL,,,,
Robin HENDRIX,BEL,,,,
Robin HENDRIX,BEL,,,,
Robin HENDRIX,BEL,,,,
Robin HENDRIX,BEL,,,,
Robin HENDRIX,BEL,,,,
Robin HENDRIX,BEL,,,,
Robin HENDRIX,BEL,,,,
Robin HENDRIX,BEL,,13 JUL 2019,Napoli (ITA),3.
Robin HENDRIX,BEL,,29 JUN 2024,"Boudewijnstadion, Bruxelles (BEL)",1.
Robin HENDRIX,BEL,,,,
Robin HENDRIX,BEL,,,,
Robin HENDRIX,BEL,,,,
Robin HENDRIX,BEL,,,,
Robin HENDRIX,BEL,,,,
Hicham AKANKAM,MAR,1158,28 MAY 2022,"Putbosstadion, Oordegem (BEL)",
Hicham AKANKAM,MAR,1158,28 MAY 2022,"Putbosstadion, Oordegem (BEL)",
Hicham AKANKAM,MAR,1103,04 AUG 2023,"Stade des Martyrs, Kinshasa (COD)",
Hicham AKANKAM,MAR,,12 JUN 2022,"Cote d'Or National Sports Complex, St Pierre (MRI)",3.
Hicham AKANKAM,MAR,,04 AUG 2023,"Stade des Martyrs, Kinshasa (COD)",2.
Hicham AKANKAM,MAR,,21 JUL 2022,"Hayward Field, Eugene, OR (USA)",37.
Hicham AKANKAM,MAR,,21 JUL 2022,"Hayward Field, Eugene, OR (USA)",37.
Hicham AKANKAM,MAR,1158,28 MAY 2022,"Putbosstadion, Oordegem (BEL)",
Hicham AKANKAM,MAR,,,,
Hicham AKANKAM,MAR,,,,
Hicham AKANKAM,MAR,,12 JUN 2022,"Cote d'Or National Sports Complex, St Pierre (MRI)",3.
Hicham AKANKAM,MAR,,04 AUG 2023,"Stade des Martyrs, Kinshasa (COD)",2.
Sam PARSONS,GER,1214,27 JAN 2023,"Boston Univ. Track & Tennis Center, Boston, MA (USA) (i)",
Sam PARSONS,GER,1214,27 JAN 2023,"Boston Univ. Track & Tennis Center, Boston, MA (USA) (i)",
Sam PARSONS,GER,1188,10 FEB 2024,"Boston Univ. Track & Tennis Center, Boston, MA (USA) (i)",
Sam PARSONS,GER,1188,10 FEB 2024,"Boston Univ. Track & Tennis Center, Boston, MA (USA) (i)",
Sam PARSONS,GER,867,09 MAR 2012,"New York, NY (USA) (i)",
Sam PARSONS,GER,925,28 FEB 2014,"Clemson, SC (USA) (i)",
Sam PARSONS,GER,956,11 DEC 2015,"Bloomington, IN (USA) (i)",
Sam PARSONS,GER,996,15 MAY 2016,"Tallahassee, FL (USA)",
Sam PARSONS,GER,0,24 FEB 2017,"South Bend, IN (USA) (i)",
Sam PARSONS,GER,1104,10 JUN 2018,"Portland, OR (USA)",
Sam PARSONS,GER,1129,02 MAY 2019,"Palo Alto, CA (USA)",
Sam PARSONS,GER,1094,04 DEC 2020,"JSerra Catholic HS, San Juan Capistrano, CA (USA)",
Sam PARSONS,GER,1126,15 MAY 2021,"Irvine, CA (USA)",
Sam PARSONS,GER,1133,06 MAY 2022,"JSerra Catholic HS, San Juan Capistrano, CA (USA)",
Sam PARSONS,GER,1214,27 JAN 2023,"Boston Univ. Track & Tennis Center, Boston, MA (USA) (i)",
Sam PARSONS,GER,1188,10 FEB 2024,"Boston Univ. Track & Tennis Center, Boston, MA (USA) (i)",
Sam PARSONS,GER,867,09 MAR 2012,"New York, NY (USA) (i)",
Sam PARSONS,GER,925,28 FEB 2014,"Clemson, SC (USA) (i)",
Sam PARSONS,GER,956,11 DEC 2015,"Bloomington, IN (USA) (i)",
Sam PARSONS,GER,979,26 FEB 2016,"Boston, MA (USA) (i)",
Sam PARSONS,GER,1214,27 JAN 2023,"Boston Univ. Track & Tennis Center, Boston, MA (USA) (i)",
Sam PARSONS,GER,1188,10 FEB 2024,"Boston Univ. Track & Tennis Center, Boston, MA (USA) (i)",
Sam PARSONS,GER,,16 AUG 2022,"Olympiastadion, München (GER)",6.
Sam PARSONS,GER,1136,20 APR 2024,"Egret Stadium, Xiamen (CHN)",15.
Sam PARSONS,GER,1136,27 APR 2024,"Suzhou Olympic Sports Centre, Suzhou (CHN)",12.
Sam PARSONS,GER,0,17 MAY 2024,"Drake Stadium, Los Angeles, CA (USA)",
Sam PARSONS,GER,1138,15 JUN 2024,"Stadion De Veen, Heusden-Zolder (BEL)",5.
Sam PARSONS,GER,1051,28 JUN 2024,"Eintracht-Stadion, Braunschweig (GER)",4.
Sam PARSONS,GER,1188,10 FEB 2024,"Boston Univ. Track & Tennis Center, Boston, MA (USA) (i)",8.
Sam PARSONS,GER,,24 AUG 2023,"Nemzeti Atlétikai Központ, Budapest (HUN)",39.
Sam PARSONS,GER,,24 JUL 2022,"Hayward Field, Eugene, OR (USA)",15.
Sam PARSONS,GER,,21 JUL 2022,"Hayward Field, Eugene, OR (USA)",14.
Sam PARSONS,GER,,27 SEP 2019,"Khalifa International Stadium, Doha (QAT)",24.
Sam PARSONS,GER,,16 AUG 2022,"Olympiastadion, München (GER)",6.
Sam PARSONS,GER,,24 AUG 2023,"Nemzeti Atlétikai Központ, Budapest (HUN)",39.
Sam PARSONS,GER,,24 JUL 2022,"Hayward Field, Eugene, OR (USA)",15.
Sam PARSONS,GER,,21 JUL 2022,"Hayward Field, Eugene, OR (USA)",14.
Sam PARSONS,GER,,27 SEP 2019,"Khalifa International Stadium, Doha (QAT)",24.
Sam PARSONS,GER,,16 AUG 2022,"Olympiastadion, München (GER)",6.
Sam PARSONS,GER,1214,27 JAN 2023,"Boston Univ. Track & Tennis Center, Boston, MA (USA) (i)",
Sam PARSONS,GER,1214,27 JAN 2023,"Boston Univ. Track & Tennis Center, Boston, MA (USA) (i)",
Sam PARSONS,GER,1188,10 FEB 2024,"Boston Univ. Track & Tennis Center, Boston, MA (USA) (i)",
Sam PARSONS,GER,1188,10 FEB 2024,"Boston Univ. Track & Tennis Center, Boston, MA (USA) (i)",
Sam PARSONS,GER,,,,
Sam PARSONS,GER,,,,
Sam PARSONS,GER,,,,
Sam PARSONS,GER,,,,
Sam PARSONS,GER,,,,
Sam PARSONS,GER,,,,
Sam PARSONS,GER,,,,
Sam PARSONS,GER,,,,
Sam PARSONS,GER,,,,
Sam PARSONS,GER,,,,
Sam PARSONS,GER,,,,
Sam PARSONS,GER,,,,
Sam PARSONS,GER,,,,
Sam PARSONS,GER,,,,
Sam PARSONS,GER,,,,
Sam PARSONS,GER,,,,
Sam PARSONS,GER,,,,
Sam PARSONS,GER,,,,
Sam PARSONS,GER,,16 AUG 2022,"Olympiastadion, München (GER)",6.
Sam PARSONS,GER,,,,
Sam PARSONS,GER,,,,
Sam PARSONS,GER,,,,
Sam PARSONS,GER,,,,
Sam PARSONS,GER,,,,
Sam PARSONS,GER,,,,
Ahmed MUHUMED,USA,1178,17 MAY 2024,"Drake Stadium, Los Angeles, CA (USA)",
Ahmed MUHUMED,USA,1199,10 FEB 2024,"Boston Univ. Track & Tennis Center, Boston, MA (USA) (i)",
Ahmed MUHUMED,USA,1178,17 MAY 2024,"Drake Stadium, Los Angeles, CA (USA)",
Ahmed MUHUMED,USA,1199,10 FEB 2024,"Boston Univ. Track & Tennis Center, Boston, MA (USA) (i)",
Ahmed MUHUMED,USA,978,19 APR 2018,"Azusa, CA (USA)",
Ahmed MUHUMED,USA,1009,29 MAR 2019,"Palo Alto, CA (USA)",
Ahmed MUHUMED,USA,1057,15 MAY 2021,"Paul Derr TF Facility, Raleigh, NC (USA)",
Ahmed MUHUMED,USA,1116,29 APR 2022,"Cobb Track and Angell Field, Palo Alto, CA (USA)",
Ahmed MUHUMED,USA,1151,06 MAY 2023,"Hilmer Lodge Stadium, Walnut, CA (USA)",
Ahmed MUHUMED,USA,1178,17 MAY 2024,"Drake Stadium, Los Angeles, CA (USA)",
Ahmed MUHUMED,USA,767,23 FEB 2018,"Albuquerque, NM (USA) (i)",
Ahmed MUHUMED,USA,775,22 FEB 2019,"Albuquerque, NM (USA) (i)",
Ahmed MUHUMED,USA,974,25 FEB 2021,"Clemson Indoor Track & Field Complex, Clemson, SC (USA) (i)",
Ahmed MUHUMED,USA,1164,12 FEB 2022,"Boston Univ. Track & Tennis Center, Boston, MA (USA) (i)",
Ahmed MUHUMED,USA,1199,10 FEB 2024,"Boston Univ. Track & Tennis Center, Boston, MA (USA) (i)",
Ahmed MUHUMED,USA,1178,17 MAY 2024,"Drake Stadium, Los Angeles, CA (USA)",3.
Ahmed MUHUMED,USA,1117,27 JUN 2024,"Hayward Field, Eugene, OR (USA)",8.
Ahmed MUHUMED,USA,1105,30 JUN 2024,"Hayward Field, Eugene, OR (USA)",8.
Ahmed MUHUMED,USA,1199,10 FEB 2024,"Boston Univ. Track & Tennis Center, Boston, MA (USA) (i)",1.
Ahmed MUHUMED,USA,,13 JUL 2019,Napoli (ITA),12.
Ahmed MUHUMED,USA,,11 JUL 2019,Napoli (ITA),8.
Ahmed MUHUMED,USA,,13 JUL 2019,Napoli (ITA),12.
Ahmed MUHUMED,USA,,11 JUL 2019,Napoli (ITA),8.
Ahmed MUHUMED,USA,1178,17 MAY 2024,"Drake Stadium, Los Angeles, CA (USA)",
Ahmed MUHUMED,USA,1199,10 FEB 2024,"Boston Univ. Track & Tennis Center, Boston, MA (USA) (i)",
Ahmed MUHUMED,USA,1178,17 MAY 2024,"Drake Stadium, Los Angeles, CA (USA)",
Ahmed MUHUMED,USA,1199,10 FEB 2024,"Boston Univ. Track & Tennis Center, Boston, MA (USA) (i)",
Ahmed MUHUMED,USA,,,,
Ahmed MUHUMED,USA,,,,
Ahmed MUHUMED,USA,,,,
Ahmed MUHUMED,USA,,,,
Ahmed MUHUMED,USA,,,,
Ahmed MUHUMED,USA,,,,
Ahmed MUHUMED,USA,,,,
Ahmed MUHUMED,USA,,,,
Ahmed MUHUMED,USA,,,,
Ahmed MUHUMED,USA,,,,
Ahmed MUHUMED,USA,,,,
Ahmed MUHUMED,USA,,,,
Ahmed MUHUMED,USA,,,,
Ahmed MUHUMED,USA,,,,
Ahmed MUHUMED,USA,,,,
James WEST,GBR,1177,25 MAY 2024,"Boudewijnstadion, Bruxelles (BEL)",
James WEST,GBR,1187,10 FEB 2024,"Boston Univ. Track & Tennis Center, Boston, MA (USA) (i)",
James WEST,GBR,1177,25 MAY 2024,"Boudewijnstadion, Bruxelles (BEL)",
James WEST,GBR,1187,10 FEB 2024,"Boston Univ. Track & Tennis Center, Boston, MA (USA) (i)",
James WEST,GBR,995,27 MAY 2017,Manchester (GBR),
James WEST,GBR,1025,30 MAR 2018,"Palo Alto, CA (USA)",
James WEST,GBR,972,19 APR 2019,"Palo Alto, CA (USA)",
James WEST,GBR,931,16 MAY 2021,"Katherine B. Loker Stadium, Los Angeles, CA (USA)",
James WEST,GBR,1052,26 JUN 2022,"Manchester Regional Arena, Manchester (GBR)",
James WEST,GBR,1176,02 DEC 2023,"Boston Univ. Track & Tennis Center, Boston, MA (USA) (i)",
James WEST,GBR,1177,25 MAY 2024,"Boudewijnstadion, Bruxelles (BEL)",
James WEST,GBR,1176,02 DEC 2023,"Boston Univ. Track & Tennis Center, Boston, MA (USA) (i)",
James WEST,GBR,1187,10 FEB 2024,"Boston Univ. Track & Tennis Center, Boston, MA (USA) (i)",
James WEST,GBR,,08 JUN 2024,"Stadio Olimpico, Roma (ITA)",7.
James WEST,GBR,,30 JUN 2024,"Manchester Regional Arena, Manchester (GBR)",1.
James WEST,GBR,,08 JUL 2023,"Manchester Regional Arena, Manchester (GBR)",1.
James WEST,GBR,0,17 MAY 2024,"Drake Stadium, Los Angeles, CA (USA)",
James WEST,GBR,1177,25 MAY 2024,"Boudewijnstadion, Bruxelles (BEL)",4.
James WEST,GBR,1120,08 JUN 2024,"Stadio Olimpico, Roma (ITA)",7.
James WEST,GBR,0,15 JUN 2024,"Stadion De Veen, Heusden-Zolder (BEL)",
James WEST,GBR,1055,30 JUN 2024,"Manchester Regional Arena, Manchester (GBR)",1.
James WEST,GBR,1187,10 FEB 2024,"Boston Univ. Track & Tennis Center, Boston, MA (USA) (i)",9.
James WEST,GBR,,08 JUN 2024,"Stadio Olimpico, Roma (ITA)",7.
James WEST,GBR,,08 JUN 2024,"Stadio Olimpico, Roma (ITA)",7.
James WEST,GBR,1177,25 MAY 2024,"Boudewijnstadion, Bruxelles (BEL)",
James WEST,GBR,1187,10 FEB 2024,"Boston Univ. Track & Tennis Center, Boston, MA (USA) (i)",
James WEST,GBR,1177,25 MAY 2024,"Boudewijnstadion, Bruxelles (BEL)",
James WEST,GBR,1187,10 FEB 2024,"Boston Univ. Track & Tennis Center, Boston, MA (USA) (i)",
James WEST,GBR,,,,
James WEST,GBR,,,,
James WEST,GBR,,,,
James WEST,GBR,,,,
James WEST,GBR,,,,
James WEST,GBR,,,,
James WEST,GBR,,,,
James WEST,GBR,,,,
James WEST,GBR,,,,
James WEST,GBR,,08 JUN 2024,"Stadio Olimpico, Roma (ITA)",7.
James WEST,GBR,,30 JUN 2024,"Manchester Regional Arena, Manchester (GBR)",1.
James WEST,GBR,,08 JUL 2023,"Manchester Regional Arena, Manchester (GBR)",1.
James WEST,GBR,,,,
James WEST,GBR,,,,
James WEST,GBR,,,,
James WEST,GBR,,,,
James WEST,GBR,,,,
James WEST,GBR,,,,
Dawit SEARE,ERI,1181,22 JUN 2024,"LAZ Wien, Wien (AUT)",
Dawit SEARE,ERI,1181,22 JUN 2024,"LAZ Wien, Wien (AUT)",
Dawit SEARE,ERI,885,21 MAR 2021,Asmara (ERI),
Dawit SEARE,ERI,908,02 APR 2022,"Central Stadium, Asmara (ERI)",
Dawit SEARE,ERI,1181,22 JUN 2024,"LAZ Wien, Wien (AUT)",
Dawit SEARE,ERI,1025,22 MAR 2024,"University of Ghana Sports Stadium, Accra (GHA)",9.
Dawit SEARE,ERI,1106,15 MAY 2024,"Olympiastadion, Stockholm (SWE)",7.
Dawit SEARE,ERI,1167,25 MAY 2024,"Boudewijnstadion, Bruxelles (BEL)",8.
Dawit SEARE,ERI,1181,22 JUN 2024,"LAZ Wien, Wien (AUT)",4.
Dawit SEARE,ERI,,22 MAR 2024,"University of Ghana Sports Stadium, Accra (GHA)",9.
Dawit SEARE,ERI,,22 MAR 2024,"University of Ghana Sports Stadium, Accra (GHA)",9.
Dawit SEARE,ERI,1181,22 JUN 2024,"LAZ Wien, Wien (AUT)",
Dawit SEARE,ERI,1181,22 JUN 2024,"LAZ Wien, Wien (AUT)",
Dawit SEARE,ERI,,,,
Dawit SEARE,ERI,,,,
Dawit SEARE,ERI,,,,
Dawit SEARE,ERI,,,,
Dawit SEARE,ERI,,,,
Dawit SEARE,ERI,,,,
Dawit SEARE,ERI,,,,
Mohamed ABDILAAHI,GER,1198,06 MAY 2022,"JSerra Catholic HS, San Juan Capistrano, CA (USA)",
Mohamed ABDILAAHI,GER,1201,26 JAN 2024,"Boston Univ. Track & Tennis Center, Boston, MA (USA) (i)",
Mohamed ABDILAAHI,GER,1201,26 JAN 2024,"Boston Univ. Track & Tennis Center, Boston, MA (USA) (i)",
Mohamed ABDILAAHI,GER,1201,26 JAN 2024,"Boston Univ. Track & Tennis Center, Boston, MA (USA) (i)",
Mohamed ABDILAAHI,GER,970,26 MAY 2018,Oordegem (BEL),
Mohamed ABDILAAHI,GER,1019,25 MAY 2019,"Putbosstadion, Oordegem (BEL)",
Mohamed ABDILAAHI,GER,1124,06 SEP 2020,"Stadion De Veen, Heusden-Zolder (BEL)",
Mohamed ABDILAAHI,GER,1148,29 JUN 2021,"Stadion Allmend, Luzern (SUI)",
Mohamed ABDILAAHI,GER,1198,06 MAY 2022,"JSerra Catholic HS, San Juan Capistrano, CA (USA)",
Mohamed ABDILAAHI,GER,1152,30 JUL 2023,"Stade Jean Jacoby, Schifflange (LUX)",
Mohamed ABDILAAHI,GER,1201,26 JAN 2024,"Boston Univ. Track & Tennis Center, Boston, MA (USA) (i)",
Mohamed ABDILAAHI,GER,1201,26 JAN 2024,"Boston Univ. Track & Tennis Center, Boston, MA (USA) (i)",
Mohamed ABDILAAHI,GER,,10 JUL 2021,"Kadrioru staadion, Tallinn (EST)",1.
Mohamed ABDILAAHI,GER,,25 JUN 2022,"Olympiastadion, Berlin (GER)",1.
Mohamed ABDILAAHI,GER,,05 JUN 2021,"Eintracht-Stadion, Braunschweig (GER)",1.
Mohamed ABDILAAHI,GER,,08 AUG 2020,"Eintracht-Stadion, Braunschweig (GER)",1.
Mohamed ABDILAAHI,GER,1143,20 APR 2024,"Egret Stadium, Xiamen (CHN)",13.
Mohamed ABDILAAHI,GER,0,27 APR 2024,"Suzhou Olympic Sports Centre, Suzhou (CHN)",
Mohamed ABDILAAHI,GER,0,25 MAY 2024,"Boudewijnstadion, Bruxelles (BEL)",
Mohamed ABDILAAHI,GER,1003,08 JUN 2024,"Stadio Olimpico, Roma (ITA)",26.
Mohamed ABDILAAHI,GER,974,22 JUN 2024,"LAZ Wien, Wien (AUT)",25.
Mohamed ABDILAAHI,GER,1201,26 JAN 2024,"Boston Univ. Track & Tennis Center, Boston, MA (USA) (i)",11.
Mohamed ABDILAAHI,GER,,03 AUG 2021,"National Stadium, Tokyo (JPN)",31.
Mohamed ABDILAAHI,GER,,21 JUL 2022,"Hayward Field, Eugene, OR (USA)",33.
Mohamed ABDILAAHI,GER,,08 JUN 2024,"Stadio Olimpico, Roma (ITA)",26.
Mohamed ABDILAAHI,GER,,10 JUL 2021,"Kadrioru staadion, Tallinn (EST)",1.
Mohamed ABDILAAHI,GER,,13 JUL 2019,"Gunder Hägg Stadion, Gävle (SWE)",9.
Mohamed ABDILAAHI,GER,,14 JUL 2018,"Ratinan Stadion, Tampere (FIN)",13.
Mohamed ABDILAAHI,GER,,03 AUG 2021,"National Stadium, Tokyo (JPN)",31.
Mohamed ABDILAAHI,GER,,21 JUL 2022,"Hayward Field, Eugene, OR (USA)",33.
Mohamed ABDILAAHI,GER,,08 JUN 2024,"Stadio Olimpico, Roma (ITA)",26.
Mohamed ABDILAAHI,GER,,10 JUL 2021,"Kadrioru staadion, Tallinn (EST)",1.
Mohamed ABDILAAHI,GER,,13 JUL 2019,"Gunder Hägg Stadion, Gävle (SWE)",9.
Mohamed ABDILAAHI,GER,,14 JUL 2018,"Ratinan Stadion, Tampere (FIN)",13.
Mohamed ABDILAAHI,GER,1198,06 MAY 2022,"JSerra Catholic HS, San Juan Capistrano, CA (USA)",
Mohamed ABDILAAHI,GER,1201,26 JAN 2024,"Boston Univ. Track & Tennis Center, Boston, MA (USA) (i)",
Mohamed ABDILAAHI,GER,1201,26 JAN 2024,"Boston Univ. Track & Tennis Center, Boston, MA (USA) (i)",
Mohamed ABDILAAHI,GER,1201,26 JAN 2024,"Boston Univ. Track & Tennis Center, Boston, MA (USA) (i)",
Mohamed ABDILAAHI,GER,,,,
Mohamed ABDILAAHI,GER,,,,
Mohamed ABDILAAHI,GER,,,,
Mohamed ABDILAAHI,GER,,,,
Mohamed ABDILAAHI,GER,,,,
Mohamed ABDILAAHI,GER,,,,
Mohamed ABDILAAHI,GER,,,,
Mohamed ABDILAAHI,GER,,,,
Mohamed ABDILAAHI,GER,,10 JUL 2021,"Kadrioru staadion, Tallinn (EST)",1.
Mohamed ABDILAAHI,GER,,25 JUN 2022,"Olympiastadion, Berlin (GER)",1.
Mohamed ABDILAAHI,GER,,05 JUN 2021,"Eintracht-Stadion, Braunschweig (GER)",1.
Mohamed ABDILAAHI,GER,,08 AUG 2020,"Eintracht-Stadion, Braunschweig (GER)",1.
Mohamed ABDILAAHI,GER,,,,
Mohamed ABDILAAHI,GER,,,,
Mohamed ABDILAAHI,GER,,,,
Mohamed ABDILAAHI,GER,,,,
Mohamed ABDILAAHI,GER,,,,
Mohamed ABDILAAHI,GER,,,,
Hugo HAY,FRA,1200,15 JUL 2023,"Stadion De Veen, Heusden-Zolder (BEL)",
Hugo HAY,FRA,1049,28 JUN 2024,"Stade Josette et Roger Mikulak, Angers (FRA)",
Hugo HAY,FRA,934,19 JUN 2015,Carquefou (FRA),
Hugo HAY,FRA,983,16 JUL 2016,Heusden-Zolder (BEL),
Hugo HAY,FRA,1025,23 JUN 2017,Carquefou (FRA),
Hugo HAY,FRA,759,30 JUN 2018,Fougéres (FRA),
Hugo HAY,FRA,1073,20 JUL 2019,Heusden-Zolder (BEL),
Hugo HAY,FRA,1111,29 AUG 2020,"Slottsskogsvallen, Göteborg (SWE)",
Hugo HAY,FRA,1170,02 JUN 2021,"Slottsskogsvallen, Göteborg (SWE)",
Hugo HAY,FRA,1165,02 JUN 2022,"Stade des Grands Pêchers, Montreuil (FRA)",
Hugo HAY,FRA,1200,15 JUL 2023,"Stadion De Veen, Heusden-Zolder (BEL)",
Hugo HAY,FRA,1049,28 JUN 2024,"Stade Josette et Roger Mikulak, Angers (FRA)",
Hugo HAY,FRA,,29 MAY 2021,"Stadion Śląski, Chorzów (POL)",2.
Hugo HAY,FRA,,10 AUG 2019,"Zdzisław Krzyszkowiak Stadium, Bydgoszcz (POL)",3.
Hugo HAY,FRA,,13 JUL 2019,"Gunder Hägg Stadion, Gävle (SWE)",2.
Hugo HAY,FRA,,24 JUN 2022,"Stade Helitas, Caen (FRA)",1.
Hugo HAY,FRA,,26 JUN 2021,"Stade Josette et Roger Mikulak, Angers (FRA)",1.
Hugo HAY,FRA,,27 JUL 2019,St-Etienne (FRA),1.
Hugo HAY,FRA,1049,28 JUN 2024,"Stade Josette et Roger Mikulak, Angers (FRA)",3.
Hugo HAY,FRA,,03 AUG 2021,"National Stadium, Tokyo (JPN)",19.
Hugo HAY,FRA,,24 AUG 2023,"Nemzeti Atlétikai Központ, Budapest (HUN)",27.
Hugo HAY,FRA,,16 AUG 2022,"Olympiastadion, München (GER)",19.
Hugo HAY,FRA,,29 MAY 2021,"Stadion Śląski, Chorzów (POL)",2.
Hugo HAY,FRA,,10 AUG 2019,"Zdzisław Krzyszkowiak Stadium, Bydgoszcz (POL)",3.
Hugo HAY,FRA,,13 JUL 2019,"Gunder Hägg Stadion, Gävle (SWE)",2.
Hugo HAY,FRA,,15 JUL 2017,"Zdzisław Krzyszkowiak Stadium, Bydgoszcz (POL)",5.
Hugo HAY,FRA,,18 JUL 2015,"Ekängens Friidrottsarena, Eskilstuna (SWE)",6.
Hugo HAY,FRA,,03 AUG 2021,"National Stadium, Tokyo (JPN)",19.
Hugo HAY,FRA,,24 AUG 2023,"Nemzeti Atlétikai Központ, Budapest (HUN)",27.
Hugo HAY,FRA,,16 AUG 2022,"Olympiastadion, München (GER)",19.
Hugo HAY,FRA,,29 MAY 2021,"Stadion Śląski, Chorzów (POL)",2.
Hugo HAY,FRA,,10 AUG 2019,"Zdzisław Krzyszkowiak Stadium, Bydgoszcz (POL)",3.
Hugo HAY,FRA,,13 JUL 2019,"Gunder Hägg Stadion, Gävle (SWE)",2.
Hugo HAY,FRA,,15 JUL 2017,"Zdzisław Krzyszkowiak Stadium, Bydgoszcz (POL)",5.
Hugo HAY,FRA,,18 JUL 2015,"Ekängens Friidrottsarena, Eskilstuna (SWE)",6.
Hugo HAY,FRA,1200,15 JUL 2023,"Stadion De Veen, Heusden-Zolder (BEL)",
Hugo HAY,FRA,1049,28 JUN 2024,"Stade Josette et Roger Mikulak, Angers (FRA)",
Hugo HAY,FRA,,,,
Hugo HAY,FRA,,,,
Hugo HAY,FRA,,,,
Hugo HAY,FRA,,,,
Hugo HAY,FRA,,,,
Hugo HAY,FRA,,,,
Hugo HAY,FRA,,,,
Hugo HAY,FRA,,,,
Hugo HAY,FRA,,,,
Hugo HAY,FRA,,,,
Hugo HAY,FRA,,29 MAY 2021,"Stadion Śląski, Chorzów (POL)",2.
Hugo HAY,FRA,,10 AUG 2019,"Zdzisław Krzyszkowiak Stadium, Bydgoszcz (POL)",3.
Hugo HAY,FRA,,13 JUL 2019,"Gunder Hägg Stadion, Gävle (SWE)",2.
Hugo HAY,FRA,,24 JUN 2022,"Stade Helitas, Caen (FRA)",1.
Hugo HAY,FRA,,26 JUN 2021,"Stade Josette et Roger Mikulak, Angers (FRA)",1.
Hugo HAY,FRA,,27 JUL 2019,St-Etienne (FRA),1.
Hugo HAY,FRA,,,,
Matthew RAMSDEN,AUS,1149,29 AUG 2020,"Slottsskogsvallen, Göteborg (SWE)",
Matthew RAMSDEN,AUS,1147,15 FEB 2024,"Lakeside Stadium, Melbourne (AUS)",
Matthew RAMSDEN,AUS,794,14 NOV 2014,Perth (AUS),
Matthew RAMSDEN,AUS,1078,22 JAN 2015,Perth (AUS),
Matthew RAMSDEN,AUS,993,13 FEB 2016,Hobart (AUS),
Matthew RAMSDEN,AUS,988,28 OCT 2018,Perth (AUS),
Matthew RAMSDEN,AUS,1149,29 AUG 2020,"Slottsskogsvallen, Göteborg (SWE)",
Matthew RAMSDEN,AUS,1139,02 MAR 2021,"Hagenauer Reserve, Box Hill, Melbourne (AUS)",
Matthew RAMSDEN,AUS,1148,28 MAY 2022,"Hayward Field, Eugene, OR (USA)",
Matthew RAMSDEN,AUS,1093,06 DEC 2023,"WA Sports Centre, Perth (AUS)",
Matthew RAMSDEN,AUS,1147,15 FEB 2024,"Lakeside Stadium, Melbourne (AUS)",
Matthew RAMSDEN,AUS,,14 APR 2024,"SA Athletic Stadium, Adelaide (AUS)",1.
Matthew RAMSDEN,AUS,,02 APR 2022,"SOPAC, Sydney (AUS)",1.
Matthew RAMSDEN,AUS,1000,20 JAN 2024,"WA Sports Centre, Perth (AUS)",1.
Matthew RAMSDEN,AUS,1147,15 FEB 2024,"Lakeside Stadium, Melbourne (AUS)",2.
Matthew RAMSDEN,AUS,1069,14 APR 2024,"SA Athletic Stadium, Adelaide (AUS)",1.
Matthew RAMSDEN,AUS,1114,20 APR 2024,"Egret Stadium, Xiamen (CHN)",18.
Matthew RAMSDEN,AUS,1074,19 MAY 2024,"National Stadium, Tokyo (JPN)",13.
Matthew RAMSDEN,AUS,,21 JUL 2022,"Hayward Field, Eugene, OR (USA)",35.
Matthew RAMSDEN,AUS,,06 AUG 2022,"Alexander Stadium, Birmingham (GBR)",10.
Matthew RAMSDEN,AUS,,23 JUL 2016,"Zdzisław Krzyszkowiak Stadium, Bydgoszcz (POL)",15.
Matthew RAMSDEN,AUS,,21 JUL 2022,"Hayward Field, Eugene, OR (USA)",35.
Matthew RAMSDEN,AUS,,06 AUG 2022,"Alexander Stadium, Birmingham (GBR)",10.
Matthew RAMSDEN,AUS,,23 JUL 2016,"Zdzisław Krzyszkowiak Stadium, Bydgoszcz (POL)",15.
Matthew RAMSDEN,AUS,1149,29 AUG 2020,"Slottsskogsvallen, Göteborg (SWE)",
Matthew RAMSDEN,AUS,1147,15 FEB 2024,"Lakeside Stadium, Melbourne (AUS)",
Matthew RAMSDEN,AUS,,,,
Matthew RAMSDEN,AUS,,,,
Matthew RAMSDEN,AUS,,,,
Matthew RAMSDEN,AUS,,,,
Matthew RAMSDEN,AUS,,,,
Matthew RAMSDEN,AUS,,,,
Matthew RAMSDEN,AUS,,,,
Matthew RAMSDEN,AUS,,,,
Matthew RAMSDEN,AUS,,,,
Matthew RAMSDEN,AUS,,14 APR 2024,"SA Athletic Stadium, Adelaide (AUS)",1.
Matthew RAMSDEN,AUS,,02 APR 2022,"SOPAC, Sydney (AUS)",1.
Matthew RAMSDEN,AUS,,,,
Matthew RAMSDEN,AUS,,,,
Matthew RAMSDEN,AUS,,,,
Matthew RAMSDEN,AUS,,,,
Matthew RAMSDEN,AUS,,,,
Ky ROBINSON,AUS,1238,02 DEC 2023,"Boston Univ. Track & Tennis Center, Boston, MA (USA) (i)",
Ky ROBINSON,AUS,1238,02 DEC 2023,"Boston Univ. Track & Tennis Center, Boston, MA (USA) (i)",
Ky ROBINSON,AUS,1153,15 JUN 2024,"Stadion De Veen, Heusden-Zolder (BEL)",
Ky ROBINSON,AUS,1180,26 JAN 2024,"Boston Univ. Track & Tennis Center, Boston, MA (USA) (i)",
Ky ROBINSON,AUS,893,16 NOV 2019,"Queensland Sport and Athletics Centre, Nathan, Brisbane (AUS)",
Ky ROBINSON,AUS,1028,02 APR 2021,"Cobb Track and Angell Field, Palo Alto, CA (USA)",
Ky ROBINSON,AUS,1219,03 DEC 2022,"Boston Univ. Track & Tennis Center, Boston, MA (USA) (i)",
Ky ROBINSON,AUS,1238,02 DEC 2023,"Boston Univ. Track & Tennis Center, Boston, MA (USA) (i)",
Ky ROBINSON,AUS,1153,15 JUN 2024,"Stadion De Veen, Heusden-Zolder (BEL)",
Ky ROBINSON,AUS,1219,03 DEC 2022,"Boston Univ. Track & Tennis Center, Boston, MA (USA) (i)",
Ky ROBINSON,AUS,1238,02 DEC 2023,"Boston Univ. Track & Tennis Center, Boston, MA (USA) (i)",
Ky ROBINSON,AUS,1180,26 JAN 2024,"Boston Univ. Track & Tennis Center, Boston, MA (USA) (i)",
Ky ROBINSON,AUS,,09 JUN 2023,"Mike A. Myers Stadium, Austin, TX (USA)",1.
Ky ROBINSON,AUS,1081,29 MAR 2024,"Cobb Track and Angell Field, Palo Alto, CA (USA)",1.
Ky ROBINSON,AUS,1067,14 APR 2024,"SA Athletic Stadium, Adelaide (AUS)",5.
Ky ROBINSON,AUS,0,26 APR 2024,"Cobb Track and Angell Field, Palo Alto, CA (USA)",
Ky ROBINSON,AUS,962,12 MAY 2024,"Potts Field, Boulder, CO (USA)",1.
Ky ROBINSON,AUS,1032,24 MAY 2024,"John McDonnell Field, Fayetteville, AR (USA)",3.
Ky ROBINSON,AUS,1016,07 JUN 2024,"Hayward Field, Eugene, OR (USA)",3.
Ky ROBINSON,AUS,1153,15 JUN 2024,"Stadion De Veen, Heusden-Zolder (BEL)",3.
Ky ROBINSON,AUS,1127,22 JUN 2024,"LAZ Wien, Wien (AUT)",13.
Ky ROBINSON,AUS,1180,26 JAN 2024,"Boston Univ. Track & Tennis Center, Boston, MA (USA) (i)",11.
Ky ROBINSON,AUS,1159,08 MAR 2024,"The Track at New Balance, Boston, MA (USA) (i)",3.
Ky ROBINSON,AUS,,21 JUL 2022,"Hayward Field, Eugene, OR (USA)",19.
Ky ROBINSON,AUS,1238,02 DEC 2023,"Boston Univ. Track & Tennis Center, Boston, MA (USA) (i)",
Ky ROBINSON,AUS,1238,02 DEC 2023,"Boston Univ. Track & Tennis Center, Boston, MA (USA) (i)",
Ky ROBINSON,AUS,1153,15 JUN 2024,"Stadion De Veen, Heusden-Zolder (BEL)",
Ky ROBINSON,AUS,1180,26 JAN 2024,"Boston Univ. Track & Tennis Center, Boston, MA (USA) (i)",
Ky ROBINSON,AUS,,,,
Ky ROBINSON,AUS,,,,
Ky ROBINSON,AUS,,,,
Ky ROBINSON,AUS,,,,
Ky ROBINSON,AUS,,,,
Ky ROBINSON,AUS,,,,
Ky ROBINSON,AUS,,,,
Ky ROBINSON,AUS,,,,
Ky ROBINSON,AUS,,09 JUN 2023,"Mike A. Myers Stadium, Austin, TX (USA)",1.
Ky ROBINSON,AUS,,,,
Ky ROBINSON,AUS,,,,
Ky ROBINSON,AUS,,,,
Ky ROBINSON,AUS,,,,
Ky ROBINSON,AUS,,,,
Ky ROBINSON,AUS,,,,
Ky ROBINSON,AUS,,,,
Ky ROBINSON,AUS,,,,
Ky ROBINSON,AUS,,,,
Ky ROBINSON,AUS,,,,
Ky ROBINSON,AUS,,21 JUL 2022,"Hayward Field, Eugene, OR (USA)",19.
Darragh MCELHINNEY,IRL,1147,28 MAY 2022,"Putbosstadion, Oordegem (BEL)",
Darragh MCELHINNEY,IRL,1129,02 DEC 2023,"Boston Univ. Track & Tennis Center, Boston, MA (USA) (i)",
Darragh MCELHINNEY,IRL,998,29 MAR 2024,"Cobb Track and Angell Field, Palo Alto, CA (USA)",
Darragh MCELHINNEY,IRL,961,26 MAY 2018,Oordegem (BEL),
Darragh MCELHINNEY,IRL,1019,25 MAY 2019,"Putbosstadion, Oordegem (BEL)",
Darragh MCELHINNEY,IRL,1013,23 AUG 2020,"Morton Stadium, Dublin (IRL)",
Darragh MCELHINNEY,IRL,917,10 JUL 2021,"Kadrioru staadion, Tallinn (EST)",
Darragh MCELHINNEY,IRL,1147,28 MAY 2022,"Putbosstadion, Oordegem (BEL)",
Darragh MCELHINNEY,IRL,1103,14 JUL 2023,"Morton Stadium, Dublin (IRL)",
Darragh MCELHINNEY,IRL,998,29 MAR 2024,"Cobb Track and Angell Field, Palo Alto, CA (USA)",
Darragh MCELHINNEY,IRL,996,23 FEB 2019,Athlone (IRL) (i),
Darragh MCELHINNEY,IRL,1129,02 DEC 2023,"Boston Univ. Track & Tennis Center, Boston, MA (USA) (i)",
Darragh MCELHINNEY,IRL,,21 JUL 2019,"Ryavallen, Borås (SWE)",3.
Darragh MCELHINNEY,IRL,,26 JUN 2022,"Morton Stadium, Dublin (IRL)",1.
Darragh MCELHINNEY,IRL,,23 AUG 2020,"Morton Stadium, Dublin (IRL)",1.
Darragh MCELHINNEY,IRL,998,29 MAR 2024,"Cobb Track and Angell Field, Palo Alto, CA (USA)",12.
Darragh MCELHINNEY,IRL,0,19 MAY 2024,"Bungertstadion, Rehlingen (GER)",
Darragh MCELHINNEY,IRL,,16 AUG 2022,"Olympiastadion, München (GER)",16.
Darragh MCELHINNEY,IRL,,10 JUL 2021,"Kadrioru staadion, Tallinn (EST)",21.
Darragh MCELHINNEY,IRL,,21 JUL 2019,"Ryavallen, Borås (SWE)",3.
Darragh MCELHINNEY,IRL,,14 JUL 2018,"Ratinan Stadion, Tampere (FIN)",18.
Darragh MCELHINNEY,IRL,,16 AUG 2022,"Olympiastadion, München (GER)",16.
Darragh MCELHINNEY,IRL,,10 JUL 2021,"Kadrioru staadion, Tallinn (EST)",21.
Darragh MCELHINNEY,IRL,,21 JUL 2019,"Ryavallen, Borås (SWE)",3.
Darragh MCELHINNEY,IRL,,14 JUL 2018,"Ratinan Stadion, Tampere (FIN)",18.
Darragh MCELHINNEY,IRL,1147,28 MAY 2022,"Putbosstadion, Oordegem (BEL)",
Darragh MCELHINNEY,IRL,1129,02 DEC 2023,"Boston Univ. Track & Tennis Center, Boston, MA (USA) (i)",
Darragh MCELHINNEY,IRL,998,29 MAR 2024,"Cobb Track and Angell Field, Palo Alto, CA (USA)",
Darragh MCELHINNEY,IRL,,,,
Darragh MCELHINNEY,IRL,,,,
Darragh MCELHINNEY,IRL,,,,
Darragh MCELHINNEY,IRL,,,,
Darragh MCELHINNEY,IRL,,,,
Darragh MCELHINNEY,IRL,,,,
Darragh MCELHINNEY,IRL,,,,
Darragh MCELHINNEY,IRL,,,,
Darragh MCELHINNEY,IRL,,,,
Darragh MCELHINNEY,IRL,,21 JUL 2019,"Ryavallen, Borås (SWE)",3.
Darragh MCELHINNEY,IRL,,26 JUN 2022,"Morton Stadium, Dublin (IRL)",1.
Darragh MCELHINNEY,IRL,,23 AUG 2020,"Morton Stadium, Dublin (IRL)",1.
Darragh MCELHINNEY,IRL,,,,
Darragh MCELHINNEY,IRL,,,,
Thomas FAFARD,CAN,1191,25 MAY 2024,"Boudewijnstadion, Bruxelles (BEL)",
Thomas FAFARD,CAN,1092,30 JAN 2022,"Boston Univ. Track & Tennis Center, Boston, MA (USA) (i)",
Thomas FAFARD,CAN,1191,25 MAY 2024,"Boudewijnstadion, Bruxelles (BEL)",
Thomas FAFARD,CAN,833,10 JUL 2016,Edmonton (CAN),
Thomas FAFARD,CAN,948,23 JUN 2017,Québec (CAN),
Thomas FAFARD,CAN,893,10 JUN 2018,"Portland, OR (USA)",
Thomas FAFARD,CAN,1051,07 DEC 2019,"Boston Univ. Track & Tennis Center, Boston, MA (USA) (i)",
Thomas FAFARD,CAN,1009,04 DEC 2020,"JSerra Catholic HS, San Juan Capistrano, CA (USA)",
Thomas FAFARD,CAN,1060,03 JUN 2021,"Griswold Stadium, Portland, OR (USA)",
Thomas FAFARD,CAN,1097,14 JUN 2022,"Swangard Stadium, Burnaby (CAN)",
Thomas FAFARD,CAN,1092,19 MAY 2023,"Icahn Stadium, New York, NY (USA)",
Thomas FAFARD,CAN,1191,25 MAY 2024,"Boudewijnstadion, Bruxelles (BEL)",
Thomas FAFARD,CAN,857,10 MAR 2017,"New York, NY (USA) (i)",
Thomas FAFARD,CAN,1051,07 DEC 2019,"Boston Univ. Track & Tennis Center, Boston, MA (USA) (i)",
Thomas FAFARD,CAN,1092,30 JAN 2022,"Boston Univ. Track & Tennis Center, Boston, MA (USA) (i)",
Thomas FAFARD,CAN,,20 AUG 2022,"Grand Bahama Sports Complex, Freeport (BAH)",2.
Thomas FAFARD,CAN,,21 JUL 2017,Trujillo (PER),2.
Thomas FAFARD,CAN,1127,19 MAY 2024,"Bungertstadion, Rehlingen (GER)",1.
Thomas FAFARD,CAN,1191,25 MAY 2024,"Boudewijnstadion, Bruxelles (BEL)",2.
Thomas FAFARD,CAN,1142,27 JUN 2024,"Complexe Sportif Claude-Robillard, Montréal (CAN)",2.
Thomas FAFARD,CAN,,21 JUL 2017,Trujillo (PER),2.
Thomas FAFARD,CAN,,21 JUL 2017,Trujillo (PER),2.
Thomas FAFARD,CAN,1191,25 MAY 2024,"Boudewijnstadion, Bruxelles (BEL)",
Thomas FAFARD,CAN,1092,30 JAN 2022,"Boston Univ. Track & Tennis Center, Boston, MA (USA) (i)",
Thomas FAFARD,CAN,1191,25 MAY 2024,"Boudewijnstadion, Bruxelles (BEL)",
Thomas FAFARD,CAN,,,,
Thomas FAFARD,CAN,,,,
Thomas FAFARD,CAN,,,,
Thomas FAFARD,CAN,,,,
Thomas FAFARD,CAN,,,,
Thomas FAFARD,CAN,,,,
Thomas FAFARD,CAN,,,,
Thomas FAFARD,CAN,,,,
Thomas FAFARD,CAN,,,,
Thomas FAFARD,CAN,,,,
Thomas FAFARD,CAN,,,,
Thomas FAFARD,CAN,,,,
Thomas FAFARD,CAN,,20 AUG 2022,"Grand Bahama Sports Complex, Freeport (BAH)",2.
Thomas FAFARD,CAN,,21 JUL 2017,Trujillo (PER),2.
Thomas FAFARD,CAN,,,,
Thomas FAFARD,CAN,,,,
Thomas FAFARD,CAN,,,,
Daniel Simiu EBENYO,KEN,1228,02 SEP 2022,"Boudewijnstadion, Bruxelles (BEL)",
Daniel Simiu EBENYO,KEN,1152,21 AUG 2019,"Nyayo National Stadium, Nairobi (KEN)",
Daniel Simiu EBENYO,KEN,1060,03 OCT 2020,"Nyayo National Stadium, Nairobi (KEN)",
Daniel Simiu EBENYO,KEN,1225,29 JUN 2021,"Stadion Allmend, Luzern (SUI)",
Daniel Simiu EBENYO,KEN,1228,02 SEP 2022,"Boudewijnstadion, Bruxelles (BEL)",
Daniel Simiu EBENYO,KEN,1151,08 JUL 2023,"Nyayo National Stadium, Nairobi (KEN)",
Daniel Simiu EBENYO,KEN,,12 JUN 2022,"Cote d'Or National Sports Complex, St Pierre (MRI)",2.
Daniel Simiu EBENYO,KEN,,24 JUN 2023,"Nyayo National Stadium, Nairobi (KEN)",1.
Daniel Simiu EBENYO,KEN,,28 APR 2022,"Moi International Sports Centre, Kasarani, Nairobi (KEN)",1.
Daniel Simiu EBENYO,KEN,,21 AUG 2019,"Nyayo National Stadium, Nairobi (KEN)",1.
Daniel Simiu EBENYO,KEN,,03 AUG 2021,"National Stadium, Tokyo (JPN)",22.
Daniel Simiu EBENYO,KEN,,24 JUL 2022,"Hayward Field, Eugene, OR (USA)",10.
Daniel Simiu EBENYO,KEN,,21 JUL 2022,"Hayward Field, Eugene, OR (USA)",6.
Daniel Simiu EBENYO,KEN,,03 AUG 2021,"National Stadium, Tokyo (JPN)",22.
Daniel Simiu EBENYO,KEN,,24 JUL 2022,"Hayward Field, Eugene, OR (USA)",10.
Daniel Simiu EBENYO,KEN,,21 JUL 2022,"Hayward Field, Eugene, OR (USA)",6.
Daniel Simiu EBENYO,KEN,1228,02 SEP 2022,"Boudewijnstadion, Bruxelles (BEL)",
Daniel Simiu EBENYO,KEN,,,,
Daniel Simiu EBENYO,KEN,,,,
Daniel Simiu EBENYO,KEN,,,,
Daniel Simiu EBENYO,KEN,,,,
Daniel Simiu EBENYO,KEN,,,,
Daniel Simiu EBENYO,KEN,,12 JUN 2022,"Cote d'Or National Sports Complex, St Pierre (MRI)",2.
Daniel Simiu EBENYO,KEN,,24 JUN 2023,"Nyayo National Stadium, Nairobi (KEN)",1.
Daniel Simiu EBENYO,KEN,,28 APR 2022,"Moi International Sports Centre, Kasarani, Nairobi (KEN)",1.
Daniel Simiu EBENYO,KEN,,21 AUG 2019,"Nyayo National Stadium, Nairobi (KEN)",1.
Cooper TEARE,USA,1229,17 MAY 2024,"Drake Stadium, Los Angeles, CA (USA)",
Cooper TEARE,USA,1229,17 MAY 2024,"Drake Stadium, Los Angeles, CA (USA)",
Cooper TEARE,USA,1045,19 APR 2018,"Azusa, CA (USA)",
Cooper TEARE,USA,1093,19 APR 2019,"Palo Alto, CA (USA)",
Cooper TEARE,USA,1148,04 DEC 2020,"JSerra Catholic HS, San Juan Capistrano, CA (USA)",
Cooper TEARE,USA,1165,11 JUN 2021,"Hayward Field, Eugene, OR (USA)",
Cooper TEARE,USA,1185,19 MAR 2022,"Cobb Track and Angell Field, Palo Alto, CA (USA)",
Cooper TEARE,USA,1163,06 MAY 2023,"Hilmer Lodge Stadium, Walnut, CA (USA)",
Cooper TEARE,USA,1229,17 MAY 2024,"Drake Stadium, Los Angeles, CA (USA)",
Cooper TEARE,USA,,11 JUN 2021,"Hayward Field, Eugene, OR (USA)",1.
Cooper TEARE,USA,0,19 APR 2024,"Kentner Stadium Wake Forest University, Winston Salem, NC (USA)",
Cooper TEARE,USA,0,03 MAY 2024,"Shellenberger Field & Dr. Jack M. Toms Track, Lynchburg, VA (USA)",
Cooper TEARE,USA,1229,17 MAY 2024,"Drake Stadium, Los Angeles, CA (USA)",9.
Cooper TEARE,USA,1088,27 JUN 2024,"Hayward Field, Eugene, OR (USA)",3.
Cooper TEARE,USA,1059,30 JUN 2024,"Hayward Field, Eugene, OR (USA)",12.
Cooper TEARE,USA,,14 JUL 2018,"Ratinan Stadion, Tampere (FIN)",10.
Cooper TEARE,USA,,14 JUL 2018,"Ratinan Stadion, Tampere (FIN)",10.
Cooper TEARE,USA,1229,17 MAY 2024,"Drake Stadium, Los Angeles, CA (USA)",
Cooper TEARE,USA,1229,17 MAY 2024,"Drake Stadium, Los Angeles, CA (USA)",
Cooper TEARE,USA,,,,
Cooper TEARE,USA,,,,
Cooper TEARE,USA,,,,
Cooper TEARE,USA,,,,
Cooper TEARE,USA,,,,
Cooper TEARE,USA,,,,
Cooper TEARE,USA,,,,
Cooper TEARE,USA,,11 JUN 2021,"Hayward Field, Eugene, OR (USA)",1.
Cooper TEARE,USA,,,,
Cooper TEARE,USA,,,,
Cooper TEARE,USA,,,,
Cooper TEARE,USA,,,,
Cooper TEARE,USA,,,,
Ouassim OUMAIZ,ESP,1186,15 JUL 2023,"Stadion De Veen, Heusden-Zolder (BEL)",
Ouassim OUMAIZ,ESP,1186,15 JUL 2023,"Stadion De Veen, Heusden-Zolder (BEL)",
Ouassim OUMAIZ,ESP,821,14 JUN 2017,Huelva (ESP),
Ouassim OUMAIZ,ESP,1162,14 AUG 2020,"Stade Louis II, Monaco (MON)",
Ouassim OUMAIZ,ESP,1185,25 MAY 2022,"Estadio Iberoamericano, Huelva (ESP)",
Ouassim OUMAIZ,ESP,1186,15 JUL 2023,"Stadion De Veen, Heusden-Zolder (BEL)",
Ouassim OUMAIZ,ESP,,28 JUL 2023,"Pista Parc Central, Torrent (ESP)",1.
Ouassim OUMAIZ,ESP,1186,15 JUL 2023,"Stadion De Veen, Heusden-Zolder (BEL)",7.
Ouassim OUMAIZ,ESP,1034,28 JUL 2023,"Pista Parc Central, Torrent (ESP)",1.
Ouassim OUMAIZ,ESP,1080,24 AUG 2023,"Nemzeti Atlétikai Központ, Budapest (HUN)",4.
Ouassim OUMAIZ,ESP,1095,27 AUG 2023,"Nemzeti Atlétikai Központ, Budapest (HUN)",16.
Ouassim OUMAIZ,ESP,,27 AUG 2023,"Nemzeti Atlétikai Központ, Budapest (HUN)",16.
Ouassim OUMAIZ,ESP,,24 AUG 2023,"Nemzeti Atlétikai Központ, Budapest (HUN)",12.
Ouassim OUMAIZ,ESP,,27 AUG 2023,"Nemzeti Atlétikai Központ, Budapest (HUN)",16.
Ouassim OUMAIZ,ESP,,24 AUG 2023,"Nemzeti Atlétikai Központ, Budapest (HUN)",12.
Ouassim OUMAIZ,ESP,1186,15 JUL 2023,"Stadion De Veen, Heusden-Zolder (BEL)",
Ouassim OUMAIZ,ESP,1186,15 JUL 2023,"Stadion De Veen, Heusden-Zolder (BEL)",
Ouassim OUMAIZ,ESP,,,,
Ouassim OUMAIZ,ESP,,,,
Ouassim OUMAIZ,ESP,,,,
Ouassim OUMAIZ,ESP,,,,
Ouassim OUMAIZ,ESP,,28 JUL 2023,"Pista Parc Central, Torrent (ESP)",1.
Ouassim OUMAIZ,ESP,,,,
Ouassim OUMAIZ,ESP,,,,
Ouassim OUMAIZ,ESP,,,,
Ouassim OUMAIZ,ESP,,,,
Yemaneberhan CRIPPA,ITA,1201,08 SEP 2020,"Mestský Stadion, Ostrava (CZE)",
Yemaneberhan CRIPPA,ITA,1173,18 FEB 2017,"Barclaycard Arena, Birmingham (GBR) (i)",
Yemaneberhan CRIPPA,ITA,927,20 SEP 2014,Landquart (SUI),
Yemaneberhan CRIPPA,ITA,1005,17 JUN 2015,Gorizia (ITA),
Yemaneberhan CRIPPA,ITA,1079,06 JUN 2016,Bellinzona (SUI),
Yemaneberhan CRIPPA,ITA,1173,18 FEB 2017,"Barclaycard Arena, Birmingham (GBR) (i)",
Yemaneberhan CRIPPA,ITA,1142,03 MAY 2018,"Palo Alto, CA (USA)",
Yemaneberhan CRIPPA,ITA,1181,20 JUL 2019,"Olympic Stadium, London (GBR)",
Yemaneberhan CRIPPA,ITA,1201,08 SEP 2020,"Mestský Stadion, Ostrava (CZE)",
Yemaneberhan CRIPPA,ITA,1147,29 MAY 2021,"Stadion Śląski, Chorzów (POL)",
Yemaneberhan CRIPPA,ITA,1192,09 JUN 2022,"Stadio Olimpico, Roma (ITA)",
Yemaneberhan CRIPPA,ITA,1087,25 JUN 2023,"Stadion Śląski, Chorzów (POL)",
Yemaneberhan CRIPPA,ITA,1173,18 FEB 2017,"Barclaycard Arena, Birmingham (GBR) (i)",
Yemaneberhan CRIPPA,ITA,,16 AUG 2022,"Olympiastadion, München (GER)",3.
Yemaneberhan CRIPPA,ITA,,11 AUG 2018,"Olympiastadion, Berlin (GER)",4.
Yemaneberhan CRIPPA,ITA,,10 JUL 2016,"Olympisch Stadion, Amsterdam (NED)",8.
Yemaneberhan CRIPPA,ITA,,29 MAY 2021,"Stadion Śląski, Chorzów (POL)",1.
Yemaneberhan CRIPPA,ITA,,10 AUG 2019,"Zdzisław Krzyszkowiak Stadium, Bydgoszcz (POL)",1.
Yemaneberhan CRIPPA,ITA,,25 JUN 2023,"Stadion Śląski, Chorzów (POL)",3.
Yemaneberhan CRIPPA,ITA,,15 JUL 2017,"Zdzisław Krzyszkowiak Stadium, Bydgoszcz (POL)",1.
Yemaneberhan CRIPPA,ITA,,18 JUL 2015,"Ekängens Friidrottsarena, Eskilstuna (SWE)",3.
Yemaneberhan CRIPPA,ITA,,25 JUN 2022,"Stadio Guidobaldi, Rieti (ITA)",1.
Yemaneberhan CRIPPA,ITA,,03 AUG 2021,"National Stadium, Tokyo (JPN)",29.
Yemaneberhan CRIPPA,ITA,,27 SEP 2019,"Khalifa International Stadium, Doha (QAT)",21.
Yemaneberhan CRIPPA,ITA,,16 AUG 2022,"Olympiastadion, München (GER)",3.
Yemaneberhan CRIPPA,ITA,,11 AUG 2018,"Olympiastadion, Berlin (GER)",4.
Yemaneberhan CRIPPA,ITA,,10 JUL 2016,"Olympisch Stadion, Amsterdam (NED)",8.
Yemaneberhan CRIPPA,ITA,,29 MAY 2021,"Stadion Śląski, Chorzów (POL)",1.
Yemaneberhan CRIPPA,ITA,,10 AUG 2019,"Zdzisław Krzyszkowiak Stadium, Bydgoszcz (POL)",1.
Yemaneberhan CRIPPA,ITA,,15 JUL 2017,"Zdzisław Krzyszkowiak Stadium, Bydgoszcz (POL)",1.
Yemaneberhan CRIPPA,ITA,,18 JUL 2015,"Ekängens Friidrottsarena, Eskilstuna (SWE)",3.
Yemaneberhan CRIPPA,ITA,,25 JUL 2014,"Hayward Field, Eugene, OR (USA)",
Yemaneberhan CRIPPA,ITA,,03 AUG 2021,"National Stadium, Tokyo (JPN)",29.
Yemaneberhan CRIPPA,ITA,,27 SEP 2019,"Khalifa International Stadium, Doha (QAT)",21.
Yemaneberhan CRIPPA,ITA,,16 AUG 2022,"Olympiastadion, München (GER)",3.
Yemaneberhan CRIPPA,ITA,,11 AUG 2018,"Olympiastadion, Berlin (GER)",4.
Yemaneberhan CRIPPA,ITA,,10 JUL 2016,"Olympisch Stadion, Amsterdam (NED)",8.
Yemaneberhan CRIPPA,ITA,,29 MAY 2021,"Stadion Śląski, Chorzów (POL)",1.
Yemaneberhan CRIPPA,ITA,,10 AUG 2019,"Zdzisław Krzyszkowiak Stadium, Bydgoszcz (POL)",1.
Yemaneberhan CRIPPA,ITA,,15 JUL 2017,"Zdzisław Krzyszkowiak Stadium, Bydgoszcz (POL)",1.
Yemaneberhan CRIPPA,ITA,,18 JUL 2015,"Ekängens Friidrottsarena, Eskilstuna (SWE)",3.
Yemaneberhan CRIPPA,ITA,,25 JUL 2014,"Hayward Field, Eugene, OR (USA)",
Yemaneberhan CRIPPA,ITA,1201,08 SEP 2020,"Mestský Stadion, Ostrava (CZE)",
Yemaneberhan CRIPPA,ITA,1173,18 FEB 2017,"Barclaycard Arena, Birmingham (GBR) (i)",
Yemaneberhan CRIPPA,ITA,,,,
Yemaneberhan CRIPPA,ITA,,,,
Yemaneberhan CRIPPA,ITA,,,,
Yemaneberhan CRIPPA,ITA,,,,
Yemaneberhan CRIPPA,ITA,,,,
Yemaneberhan CRIPPA,ITA,,,,
Yemaneberhan CRIPPA,ITA,,,,
Yemaneberhan CRIPPA,ITA,,,,
Yemaneberhan CRIPPA,ITA,,,,
Yemaneberhan CRIPPA,ITA,,,,
Yemaneberhan CRIPPA,ITA,,,,
Yemaneberhan CRIPPA,ITA,,16 AUG 2022,"Olympiastadion, München (GER)",3.
Yemaneberhan CRIPPA,ITA,,11 AUG 2018,"Olympiastadion, Berlin (GER)",4.
Yemaneberhan CRIPPA,ITA,,10 JUL 2016,"Olympisch Stadion, Amsterdam (NED)",8.
Yemaneberhan CRIPPA,ITA,,29 MAY 2021,"Stadion Śląski, Chorzów (POL)",1.
Yemaneberhan CRIPPA,ITA,,10 AUG 2019,"Zdzisław Krzyszkowiak Stadium, Bydgoszcz (POL)",1.
Yemaneberhan CRIPPA,ITA,,25 JUN 2023,"Stadion Śląski, Chorzów (POL)",3.
Yemaneberhan CRIPPA,ITA,,15 JUL 2017,"Zdzisław Krzyszkowiak Stadium, Bydgoszcz (POL)",1.
Yemaneberhan CRIPPA,ITA,,18 JUL 2015,"Ekängens Friidrottsarena, Eskilstuna (SWE)",3.
Yemaneberhan CRIPPA,ITA,,25 JUN 2022,"Stadio Guidobaldi, Rieti (ITA)",1.
Santiago CATROFE,URU,1188,15 JUN 2024,"Stadion De Veen, Heusden-Zolder (BEL)",
Santiago CATROFE,URU,1188,15 JUN 2024,"Stadion De Veen, Heusden-Zolder (BEL)",
Santiago CATROFE,URU,1113,22 MAY 2022,"Stadio Zecchini, Grosseto (ITA)",
Santiago CATROFE,URU,837,31 OCT 2023,Santiago de Chile (CHI),
Santiago CATROFE,URU,1188,15 JUN 2024,"Stadion De Veen, Heusden-Zolder (BEL)",
Santiago CATROFE,URU,,31 OCT 2023,Santiago de Chile (CHI),4.
Santiago CATROFE,URU,,12 OCT 2022,Asunción (PAR),2.
Santiago CATROFE,URU,1131,04 MAY 2024,"Stade Raymond Troussier, Decines (FRA)",3.
Santiago CATROFE,URU,1096,19 MAY 2024,"Bungertstadion, Rehlingen (GER)",8.
Santiago CATROFE,URU,1188,15 JUN 2024,"Stadion De Veen, Heusden-Zolder (BEL)",1.
Santiago CATROFE,URU,1173,22 JUN 2024,"LAZ Wien, Wien (AUT)",5.
Santiago CATROFE,URU,1188,15 JUN 2024,"Stadion De Veen, Heusden-Zolder (BEL)",
Santiago CATROFE,URU,1188,15 JUN 2024,"Stadion De Veen, Heusden-Zolder (BEL)",
Santiago CATROFE,URU,,,,
Santiago CATROFE,URU,,,,
Santiago CATROFE,URU,,,,
Santiago CATROFE,URU,,31 OCT 2023,Santiago de Chile (CHI),4.
Santiago CATROFE,URU,,12 OCT 2022,Asunción (PAR),2.
Santiago CATROFE,URU,,,,
Santiago CATROFE,URU,,,,
Santiago CATROFE,URU,,,,
Santiago CATROFE,URU,,,,
Elzan BIBIĆ,SRB,1156,30 APR 2024,"Estadio Iberoamericano, Huelva (ESP)",
Elzan BIBIĆ,SRB,1156,30 APR 2024,"Estadio Iberoamericano, Huelva (ESP)",
Elzan BIBIĆ,SRB,1028,23 JUL 2016,"Zdzisław Krzyszkowiak Stadium, Bydgoszcz (POL)",
Elzan BIBIĆ,SRB,1053,05 JUN 2018,Łomża (POL),
Elzan BIBIĆ,SRB,1085,09 JUN 2019,"FBK Stadium, Hengelo (NED)",
Elzan BIBIĆ,SRB,1114,08 SEP 2020,"Mestský Stadion, Ostrava (CZE)",
Elzan BIBIĆ,SRB,1122,25 MAY 2022,"Estadio Iberoamericano, Huelva (ESP)",
Elzan BIBIĆ,SRB,1020,22 JUN 2023,"Stadion Śląski, Chorzów (POL)",
Elzan BIBIĆ,SRB,1156,30 APR 2024,"Estadio Iberoamericano, Huelva (ESP)",
Elzan BIBIĆ,SRB,,14 JUL 2018,"Ratinan Stadion, Tampere (FIN)",8.
Elzan BIBIĆ,SRB,,23 JUL 2016,"Zdzisław Krzyszkowiak Stadium, Bydgoszcz (POL)",8.
Elzan BIBIĆ,SRB,,08 JUN 2024,"Stadio Olimpico, Roma (ITA)",6.
Elzan BIBIĆ,SRB,,22 JUN 2023,"Stadion Śląski, Chorzów (POL)",1.
Elzan BIBIĆ,SRB,1156,30 APR 2024,"Estadio Iberoamericano, Huelva (ESP)",2.
Elzan BIBIĆ,SRB,1054,19 MAY 2024,"Bungertstadion, Rehlingen (GER)",9.
Elzan BIBIĆ,SRB,1121,08 JUN 2024,"Stadio Olimpico, Roma (ITA)",6.
Elzan BIBIĆ,SRB,1061,15 JUN 2024,"Stadion De Veen, Heusden-Zolder (BEL)",12.
Elzan BIBIĆ,SRB,,08 JUN 2024,"Stadio Olimpico, Roma (ITA)",6.
Elzan BIBIĆ,SRB,,16 AUG 2022,"Olympiastadion, München (GER)",18.
Elzan BIBIĆ,SRB,,13 JUL 2019,"Gunder Hägg Stadion, Gävle (SWE)",8.
Elzan BIBIĆ,SRB,,14 JUL 2018,"Ratinan Stadion, Tampere (FIN)",8.
Elzan BIBIĆ,SRB,,23 JUL 2016,"Zdzisław Krzyszkowiak Stadium, Bydgoszcz (POL)",8.
Elzan BIBIĆ,SRB,,08 JUN 2024,"Stadio Olimpico, Roma (ITA)",6.
Elzan BIBIĆ,SRB,,16 AUG 2022,"Olympiastadion, München (GER)",18.
Elzan BIBIĆ,SRB,,13 JUL 2019,"Gunder Hägg Stadion, Gävle (SWE)",8.
Elzan BIBIĆ,SRB,,14 JUL 2018,"Ratinan Stadion, Tampere (FIN)",8.
Elzan BIBIĆ,SRB,,23 JUL 2016,"Zdzisław Krzyszkowiak Stadium, Bydgoszcz (POL)",8.
Elzan BIBIĆ,SRB,1156,30 APR 2024,"Estadio Iberoamericano, Huelva (ESP)",
Elzan BIBIĆ,SRB,1156,30 APR 2024,"Estadio Iberoamericano, Huelva (ESP)",
Elzan BIBIĆ,SRB,,,,
Elzan BIBIĆ,SRB,,,,
Elzan BIBIĆ,SRB,,,,
Elzan BIBIĆ,SRB,,,,
Elzan BIBIĆ,SRB,,,,
Elzan BIBIĆ,SRB,,,,
Elzan BIBIĆ,SRB,,,,
Elzan BIBIĆ,SRB,,14 JUL 2018,"Ratinan Stadion, Tampere (FIN)",8.
Elzan BIBIĆ,SRB,,23 JUL 2016,"Zdzisław Krzyszkowiak Stadium, Bydgoszcz (POL)",8.
Elzan BIBIĆ,SRB,,08 JUN 2024,"Stadio Olimpico, Roma (ITA)",6.
Elzan BIBIĆ,SRB,,22 JUN 2023,"Stadion Śląski, Chorzów (POL)",1.
Elzan BIBIĆ,SRB,,,,
Elzan BIBIĆ,SRB,,,,
Elzan BIBIĆ,SRB,,,,
Elzan BIBIĆ,SRB,,,,
Parker WOLFE,USA,1170,30 JUN 2024,"Hayward Field, Eugene, OR (USA)",
Parker WOLFE,USA,1211,02 DEC 2023,"Boston Univ. Track & Tennis Center, Boston, MA (USA) (i)",
Parker WOLFE,USA,1170,30 JUN 2024,"Hayward Field, Eugene, OR (USA)",
Parker WOLFE,USA,1160,08 MAR 2024,"The Track at New Balance, Boston, MA (USA) (i)",
Parker WOLFE,USA,978,20 MAR 2021,"Carroll HS, Southlake, TX (USA)",
Parker WOLFE,USA,1188,03 DEC 2022,"Boston Univ. Track & Tennis Center, Boston, MA (USA) (i)",
Parker WOLFE,USA,1211,02 DEC 2023,"Boston Univ. Track & Tennis Center, Boston, MA (USA) (i)",
Parker WOLFE,USA,1170,30 JUN 2024,"Hayward Field, Eugene, OR (USA)",
Parker WOLFE,USA,1188,03 DEC 2022,"Boston Univ. Track & Tennis Center, Boston, MA (USA) (i)",
Parker WOLFE,USA,1211,02 DEC 2023,"Boston Univ. Track & Tennis Center, Boston, MA (USA) (i)",
Parker WOLFE,USA,1160,08 MAR 2024,"The Track at New Balance, Boston, MA (USA) (i)",
Parker WOLFE,USA,,07 JUN 2024,"Hayward Field, Eugene, OR (USA)",1.
Parker WOLFE,USA,1111,19 APR 2024,"Kentner Stadium Wake Forest University, Winston Salem, NC (USA)",1.
Parker WOLFE,USA,1140,11 MAY 2024,"Geroge C. Griffin Track, Atlanta, GA (USA)",1.
Parker WOLFE,USA,1011,24 MAY 2024,"Un. of Kentucky Outdoor Track Facility, Lexington, KY (USA)",1.
Parker WOLFE,USA,1018,07 JUN 2024,"Hayward Field, Eugene, OR (USA)",1.
Parker WOLFE,USA,1088,27 JUN 2024,"Hayward Field, Eugene, OR (USA)",2.
Parker WOLFE,USA,1170,30 JUN 2024,"Hayward Field, Eugene, OR (USA)",3.
Parker WOLFE,USA,1160,08 MAR 2024,"The Track at New Balance, Boston, MA (USA) (i)",2.
Parker WOLFE,USA,1170,30 JUN 2024,"Hayward Field, Eugene, OR (USA)",
Parker WOLFE,USA,1211,02 DEC 2023,"Boston Univ. Track & Tennis Center, Boston, MA (USA) (i)",
Parker WOLFE,USA,1170,30 JUN 2024,"Hayward Field, Eugene, OR (USA)",
Parker WOLFE,USA,1160,08 MAR 2024,"The Track at New Balance, Boston, MA (USA) (i)",
Parker WOLFE,USA,,,,
Parker WOLFE,USA,,,,
Parker WOLFE,USA,,,,
Parker WOLFE,USA,,,,
Parker WOLFE,USA,,,,
Parker WOLFE,USA,,,,
Parker WOLFE,USA,,,,
Parker WOLFE,USA,,07 JUN 2024,"Hayward Field, Eugene, OR (USA)",1.
Parker WOLFE,USA,,,,
Parker WOLFE,USA,,,,
Parker WOLFE,USA,,,,
Parker WOLFE,USA,,,,
Parker WOLFE,USA,,,,
Parker WOLFE,USA,,,,
Parker WOLFE,USA,,,,
Scott BEATTIE,GBR,1139,06 JUL 2024,"Parc des Sports, Maisons-Laffitte (FRA)",
Scott BEATTIE,GBR,1142,03 DEC 2022,"Boston Univ. Track & Tennis Center, Boston, MA (USA) (i)",
Scott BEATTIE,GBR,1139,06 JUL 2024,"Parc des Sports, Maisons-Laffitte (FRA)",
Scott BEATTIE,GBR,1128,10 FEB 2024,"Boston Univ. Track & Tennis Center, Boston, MA (USA) (i)",
Scott BEATTIE,GBR,0,08 FEB 2019,"Ames, IA (USA) (i)",
Scott BEATTIE,GBR,0,14 FEB 2020,"Lied Recreation Center, Ames, IA (USA) (i)",
Scott BEATTIE,GBR,1113,03 DEC 2021,"Randal Tyson Indoor Center, Fayetteville, AR (USA) (i)",
Scott BEATTIE,GBR,1097,29 APR 2022,"Cobb Track and Angell Field, Palo Alto, CA (USA)",
Scott BEATTIE,GBR,1118,14 JUL 2023,"Morton Stadium, Dublin (IRL)",
Scott BEATTIE,GBR,1139,06 JUL 2024,"Parc des Sports, Maisons-Laffitte (FRA)",
Scott BEATTIE,GBR,957,22 FEB 2019,"Birmingham, AL (USA) (i)",
Scott BEATTIE,GBR,1113,03 DEC 2021,"Randal Tyson Indoor Center, Fayetteville, AR (USA) (i)",
Scott BEATTIE,GBR,1142,03 DEC 2022,"Boston Univ. Track & Tennis Center, Boston, MA (USA) (i)",
Scott BEATTIE,GBR,1070,24 FEB 2023,"CrossPlex Athletic Facility, Birmingham, AL (USA) (i)",
Scott BEATTIE,GBR,1128,10 FEB 2024,"Boston Univ. Track & Tennis Center, Boston, MA (USA) (i)",
Scott BEATTIE,GBR,1121,04 MAY 2024,"Stade Raymond Troussier, Decines (FRA)",5.
Scott BEATTIE,GBR,1111,15 JUN 2024,"Stadion De Veen, Heusden-Zolder (BEL)",1.
Scott BEATTIE,GBR,1041,30 JUN 2024,"Manchester Regional Arena, Manchester (GBR)",4.
Scott BEATTIE,GBR,1139,06 JUL 2024,"Parc des Sports, Maisons-Laffitte (FRA)",13.
Scott BEATTIE,GBR,1128,10 FEB 2024,"Boston Univ. Track & Tennis Center, Boston, MA (USA) (i)",17.
Scott BEATTIE,GBR,1139,06 JUL 2024,"Parc des Sports, Maisons-Laffitte (FRA)",
Scott BEATTIE,GBR,1142,03 DEC 2022,"Boston Univ. Track & Tennis Center, Boston, MA (USA) (i)",
Scott BEATTIE,GBR,1139,06 JUL 2024,"Parc des Sports, Maisons-Laffitte (FRA)",
Scott BEATTIE,GBR,1128,10 FEB 2024,"Boston Univ. Track & Tennis Center, Boston, MA (USA) (i)",
Scott BEATTIE,GBR,,,,
Scott BEATTIE,GBR,,,,
Scott BEATTIE,GBR,,,,
Scott BEATTIE,GBR,,,,
Scott BEATTIE,GBR,,,,
Scott BEATTIE,GBR,,,,
Scott BEATTIE,GBR,,,,
Scott BEATTIE,GBR,,,,
Scott BEATTIE,GBR,,,,
Scott BEATTIE,GBR,,,,
Scott BEATTIE,GBR,,,,
Scott BEATTIE,GBR,,,,
Scott BEATTIE,GBR,,,,
Scott BEATTIE,GBR,,,,
Scott BEATTIE,GBR,,,,
Scott BEATTIE,GBR,,,,
Emmanuel KIPCHIRCHIR,KEN,1160,13 APR 2024,"Egao Kenko Stadium, Kumamoto (JPN)",
Emmanuel KIPCHIRCHIR,KEN,1160,13 APR 2024,"Egao Kenko Stadium, Kumamoto (JPN)",
Emmanuel KIPCHIRCHIR,KEN,1090,12 SEP 2020,"Municipal Stadium, Miyoshi (JPN)",
Emmanuel KIPCHIRCHIR,KEN,1116,17 JUL 2021,"Aoba Park Athletic Field, Chitose (JPN)",
Emmanuel KIPCHIRCHIR,KEN,1120,02 OCT 2022,"NITTAIDAI Athletic Stadium, Yokohama (JPN)",
Emmanuel KIPCHIRCHIR,KEN,1156,15 JUL 2023,"Aoba Park Athletic Field, Chitose (JPN)",
Emmanuel KIPCHIRCHIR,KEN,1160,13 APR 2024,"Egao Kenko Stadium, Kumamoto (JPN)",
Emmanuel KIPCHIRCHIR,KEN,1160,13 APR 2024,"Egao Kenko Stadium, Kumamoto (JPN)",2.
Emmanuel KIPCHIRCHIR,KEN,1153,04 MAY 2024,"Nishishina Athletic Stadium, Nobeoka (JPN)",3.
Emmanuel KIPCHIRCHIR,KEN,0,13 JUL 2024,"Athletics Stadium, Shibetsu (JPN)",
Emmanuel KIPCHIRCHIR,KEN,1158,20 JUL 2024,"Aoba Park Athletic Field, Chitose (JPN)",1.
Emmanuel KIPCHIRCHIR,KEN,1160,13 APR 2024,"Egao Kenko Stadium, Kumamoto (JPN)",
Emmanuel KIPCHIRCHIR,KEN,1160,13 APR 2024,"Egao Kenko Stadium, Kumamoto (JPN)",
Emmanuel KIPCHIRCHIR,KEN,,,,
Emmanuel KIPCHIRCHIR,KEN,,,,
Emmanuel KIPCHIRCHIR,KEN,,,,
Emmanuel KIPCHIRCHIR,KEN,,,,
Emmanuel KIPCHIRCHIR,KEN,,,,
Emmanuel KIPCHIRCHIR,KEN,,,,
Emmanuel KIPCHIRCHIR,KEN,,,,
Emmanuel KIPCHIRCHIR,KEN,,,,
Emmanuel KIPCHIRCHIR,KEN,,,,
Jack ROWE,GBR,1245,16 FEB 2024,"Boston Univ. Track & Tennis Center, Boston, MA (USA) (i)",
Jack ROWE,GBR,1245,16 FEB 2024,"Boston Univ. Track & Tennis Center, Boston, MA (USA) (i)",
Jack ROWE,GBR,1245,16 FEB 2024,"Boston Univ. Track & Tennis Center, Boston, MA (USA) (i)",
Jack ROWE,GBR,1245,16 FEB 2024,"Boston Univ. Track & Tennis Center, Boston, MA (USA) (i)",
Jack ROWE,GBR,846,17 MAY 2014,Watford (GBR),
Jack ROWE,GBR,871,20 JUN 2015,Bedford (GBR),
Jack ROWE,GBR,876,23 JUL 2016,Oxford (GBR),
Jack ROWE,GBR,966,22 JUL 2017,Heusden-Zolder (BEL),
Jack ROWE,GBR,1006,20 APR 2018,"Palo Alto, CA (USA)",
Jack ROWE,GBR,1016,18 APR 2019,"Azusa, CA (USA)",
Jack ROWE,GBR,1075,05 SEP 2020,"Sportcity Regional Arena, Manchester (GBR)",
Jack ROWE,GBR,1082,23 MAY 2021,"International Stadium, Gateshead (GBR)",
Jack ROWE,GBR,1115,29 APR 2022,"Cobb Track and Angell Field, Palo Alto, CA (USA)",
Jack ROWE,GBR,1137,26 MAY 2023,"Drake Stadium, Los Angeles, CA (USA)",
Jack ROWE,GBR,1245,16 FEB 2024,"Boston Univ. Track & Tennis Center, Boston, MA (USA) (i)",
Jack ROWE,GBR,1245,16 FEB 2024,"Boston Univ. Track & Tennis Center, Boston, MA (USA) (i)",
Jack ROWE,GBR,1096,08 JUN 2024,"Stadio Olimpico, Roma (ITA)",17.
Jack ROWE,GBR,1045,30 JUN 2024,"Manchester Regional Arena, Manchester (GBR)",3.
Jack ROWE,GBR,1245,16 FEB 2024,"Boston Univ. Track & Tennis Center, Boston, MA (USA) (i)",3.
Jack ROWE,GBR,,08 JUN 2024,"Stadio Olimpico, Roma (ITA)",17.
Jack ROWE,GBR,,08 JUN 2024,"Stadio Olimpico, Roma (ITA)",17.
Jack ROWE,GBR,1245,16 FEB 2024,"Boston Univ. Track & Tennis Center, Boston, MA (USA) (i)",
Jack ROWE,GBR,1245,16 FEB 2024,"Boston Univ. Track & Tennis Center, Boston, MA (USA) (i)",
Jack ROWE,GBR,1245,16 FEB 2024,"Boston Univ. Track & Tennis Center, Boston, MA (USA) (i)",
Jack ROWE,GBR,1245,16 FEB 2024,"Boston Univ. Track & Tennis Center, Boston, MA (USA) (i)",
Jack ROWE,GBR,,,,
Jack ROWE,GBR,,,,
Jack ROWE,GBR,,,,
Jack ROWE,GBR,,,,
Jack ROWE,GBR,,,,
Jack ROWE,GBR,,,,
Jack ROWE,GBR,,,,
Jack ROWE,GBR,,,,
Jack ROWE,GBR,,,,
Jack ROWE,GBR,,,,
Jack ROWE,GBR,,,,
Jack ROWE,GBR,,,,
Jack ROWE,GBR,,,,
Jack ROWE,GBR,,,,
Jack ROWE,GBR,,,,
Charles HICKS,GBR,1227,16 FEB 2024,"Boston Univ. Track & Tennis Center, Boston, MA (USA) (i)",
Charles HICKS,GBR,1227,16 FEB 2024,"Boston Univ. Track & Tennis Center, Boston, MA (USA) (i)",
Charles HICKS,GBR,1227,16 FEB 2024,"Boston Univ. Track & Tennis Center, Boston, MA (USA) (i)",
Charles HICKS,GBR,1227,16 FEB 2024,"Boston Univ. Track & Tennis Center, Boston, MA (USA) (i)",
Charles HICKS,GBR,1089,11 JUN 2021,"Hayward Field, Eugene, OR (USA)",
Charles HICKS,GBR,1121,01 APR 2022,"Cobb Track and Angell Field, Palo Alto, CA (USA)",
Charles HICKS,GBR,1180,10 FEB 2023,"Gately Indoor TF Center, Chicago, IL (USA) (i)",
Charles HICKS,GBR,1227,16 FEB 2024,"Boston Univ. Track & Tennis Center, Boston, MA (USA) (i)",
Charles HICKS,GBR,1180,10 FEB 2023,"Gately Indoor TF Center, Chicago, IL (USA) (i)",
Charles HICKS,GBR,1227,16 FEB 2024,"Boston Univ. Track & Tennis Center, Boston, MA (USA) (i)",
Charles HICKS,GBR,,14 JUL 2023,"Leppävaaran Stadion, Espoo (FIN)",1.
Charles HICKS,GBR,1104,03 MAY 2024,"Hayward Field, Eugene, OR (USA)",1.
Charles HICKS,GBR,1131,15 JUN 2024,"Stadion De Veen, Heusden-Zolder (BEL)",8.
Charles HICKS,GBR,1227,16 FEB 2024,"Boston Univ. Track & Tennis Center, Boston, MA (USA) (i)",6.
Charles HICKS,GBR,,14 JUL 2023,"Leppävaaran Stadion, Espoo (FIN)",1.
Charles HICKS,GBR,,14 JUL 2023,"Leppävaaran Stadion, Espoo (FIN)",1.
Charles HICKS,GBR,1227,16 FEB 2024,"Boston Univ. Track & Tennis Center, Boston, MA (USA) (i)",
Charles HICKS,GBR,1227,16 FEB 2024,"Boston Univ. Track & Tennis Center, Boston, MA (USA) (i)",
Charles HICKS,GBR,1227,16 FEB 2024,"Boston Univ. Track & Tennis Center, Boston, MA (USA) (i)",
Charles HICKS,GBR,1227,16 FEB 2024,"Boston Univ. Track & Tennis Center, Boston, MA (USA) (i)",
Charles HICKS,GBR,,,,
Charles HICKS,GBR,,,,
Charles HICKS,GBR,,,,
Charles HICKS,GBR,,,,
Charles HICKS,GBR,,,,
Charles HICKS,GBR,,,,
Charles HICKS,GBR,,14 JUL 2023,"Leppävaaran Stadion, Espoo (FIN)",1.
Charles HICKS,GBR,,,,
Charles HICKS,GBR,,,,
Charles HICKS,GBR,,,,
Muktar EDRIS,ETH,1229,21 AUG 2014,"Olympiastadion, Stockholm (SWE)",
Muktar EDRIS,ETH,1172,20 APR 2024,"Egret Stadium, Xiamen (CHN)",
Muktar EDRIS,ETH,1194,06 JUL 2012,"Stade de France, Paris-St-Denis (FRA)",
Muktar EDRIS,ETH,1196,27 JUN 2013,"Mestský Stadion, Ostrava (CZE)",
Muktar EDRIS,ETH,1229,21 AUG 2014,"Olympiastadion, Stockholm (SWE)",
Muktar EDRIS,ETH,1208,04 JUN 2015,"Stadio Olimpico, Roma (ITA)",
Muktar EDRIS,ETH,1212,28 MAY 2016,"Hayward Field, Eugene, OR (USA)",
Muktar EDRIS,ETH,1227,06 JUL 2017,"Stade Olympique de la Pontaise, Lausanne (SUI)",
Muktar EDRIS,ETH,1227,31 AUG 2018,"Boudewijnstadion, Bruxelles (BEL)",
Muktar EDRIS,ETH,1214,30 SEP 2019,"Khalifa International Stadium, Doha (QAT)",
Muktar EDRIS,ETH,1192,08 JUN 2021,"FBK Stadium, Hengelo (NED)",
Muktar EDRIS,ETH,1215,09 JUN 2022,"Stadio Olimpico, Roma (ITA)",
Muktar EDRIS,ETH,1103,30 JUN 2023,"Stade Olympique de la Pontaise, Lausanne (SUI)",
Muktar EDRIS,ETH,1172,20 APR 2024,"Egret Stadium, Xiamen (CHN)",
Muktar EDRIS,ETH,,30 SEP 2019,"Khalifa International Stadium, Doha (QAT)",1.
Muktar EDRIS,ETH,,12 AUG 2017,"Olympic Stadium, London (GBR)",1.
Muktar EDRIS,ETH,,16 AUG 2013,"Luzhniki Stadion, Moskva (RUS)",7.
Muktar EDRIS,ETH,,14 JUL 2012,"Estadio Olímpico, Barcelona (ESP)",1.
Muktar EDRIS,ETH,,06 JUL 2017,"Stade Olympique de la Pontaise, Lausanne (SUI)",1.
Muktar EDRIS,ETH,,28 MAY 2016,"Hayward Field, Eugene, OR (USA)",1.
Muktar EDRIS,ETH,,14 MAY 2016,"Shanghai Stadium, Shanghai (CHN)",1.
Muktar EDRIS,ETH,,21 AUG 2014,"Olympiastadion, Stockholm (SWE)",1.
Muktar EDRIS,ETH,1172,20 APR 2024,"Egret Stadium, Xiamen (CHN)",11.
Muktar EDRIS,ETH,,20 AUG 2016,"Estádio Olímpico, Rio de Janeiro (BRA)",
Muktar EDRIS,ETH,,17 AUG 2016,"Estádio Olímpico, Rio de Janeiro (BRA)",2.
Muktar EDRIS,ETH,,24 JUL 2022,"Hayward Field, Eugene, OR (USA)",13.
Muktar EDRIS,ETH,,21 JUL 2022,"Hayward Field, Eugene, OR (USA)",7.
Muktar EDRIS,ETH,,30 SEP 2019,"Khalifa International Stadium, Doha (QAT)",1.
Muktar EDRIS,ETH,,27 SEP 2019,"Khalifa International Stadium, Doha (QAT)",11.
Muktar EDRIS,ETH,,12 AUG 2017,"Olympic Stadium, London (GBR)",1.
Muktar EDRIS,ETH,,09 AUG 2017,"Olympic Stadium, London (GBR)",3.
Muktar EDRIS,ETH,,16 AUG 2013,"Luzhniki Stadion, Moskva (RUS)",7.
Muktar EDRIS,ETH,,13 AUG 2013,"Luzhniki Stadion, Moskva (RUS)",1.
Muktar EDRIS,ETH,,14 JUL 2012,"Estadio Olímpico, Barcelona (ESP)",1.
Muktar EDRIS,ETH,,20 AUG 2016,"Estádio Olímpico, Rio de Janeiro (BRA)",
Muktar EDRIS,ETH,,17 AUG 2016,"Estádio Olímpico, Rio de Janeiro (BRA)",2.
Muktar EDRIS,ETH,,24 JUL 2022,"Hayward Field, Eugene, OR (USA)",13.
Muktar EDRIS,ETH,,21 JUL 2022,"Hayward Field, Eugene, OR (USA)",7.
Muktar EDRIS,ETH,,30 SEP 2019,"Khalifa International Stadium, Doha (QAT)",1.
Muktar EDRIS,ETH,,27 SEP 2019,"Khalifa International Stadium, Doha (QAT)",11.
Muktar EDRIS,ETH,,12 AUG 2017,"Olympic Stadium, London (GBR)",1.
Muktar EDRIS,ETH,,09 AUG 2017,"Olympic Stadium, London (GBR)",3.
Muktar EDRIS,ETH,,16 AUG 2013,"Luzhniki Stadion, Moskva (RUS)",7.
Muktar EDRIS,ETH,,13 AUG 2013,"Luzhniki Stadion, Moskva (RUS)",1.
Muktar EDRIS,ETH,,14 JUL 2012,"Estadio Olímpico, Barcelona (ESP)",1.
Muktar EDRIS,ETH,1229,21 AUG 2014,"Olympiastadion, Stockholm (SWE)",
Muktar EDRIS,ETH,1172,20 APR 2024,"Egret Stadium, Xiamen (CHN)",
Muktar EDRIS,ETH,,,,
Muktar EDRIS,ETH,,,,
Muktar EDRIS,ETH,,,,
Muktar EDRIS,ETH,,,,
Muktar EDRIS,ETH,,,,
Muktar EDRIS,ETH,,,,
Muktar EDRIS,ETH,,,,
Muktar EDRIS,ETH,,,,
Muktar EDRIS,ETH,,,,
Muktar EDRIS,ETH,,,,
Muktar EDRIS,ETH,,,,
Muktar EDRIS,ETH,,,,
Muktar EDRIS,ETH,,30 SEP 2019,"Khalifa International Stadium, Doha (QAT)",1.
Muktar EDRIS,ETH,,12 AUG 2017,"Olympic Stadium, London (GBR)",1.
Muktar EDRIS,ETH,,16 AUG 2013,"Luzhniki Stadion, Moskva (RUS)",7.
Muktar EDRIS,ETH,,14 JUL 2012,"Estadio Olímpico, Barcelona (ESP)",1.
Muktar EDRIS,ETH,,06 JUL 2017,"Stade Olympique de la Pontaise, Lausanne (SUI)",1.
Muktar EDRIS,ETH,,28 MAY 2016,"Hayward Field, Eugene, OR (USA)",1.
Muktar EDRIS,ETH,,14 MAY 2016,"Shanghai Stadium, Shanghai (CHN)",1.
Muktar EDRIS,ETH,,21 AUG 2014,"Olympiastadion, Stockholm (SWE)",1.
Muktar EDRIS,ETH,,,,
Awet Nftalem KIBRAB,NOR,1154,15 JUL 2023,"Stadion De Veen, Heusden-Zolder (BEL)",
Awet Nftalem KIBRAB,NOR,1122,29 JUN 2024,"Sandnes Stadion, Sandnes (NOR)",
Awet Nftalem KIBRAB,NOR,1041,05 JUL 2014,Oordegem (BEL),
Awet Nftalem KIBRAB,NOR,1055,28 JUN 2015,Oslo (NOR),
Awet Nftalem KIBRAB,NOR,1127,29 MAY 2016,Oordegem (BEL),
Awet Nftalem KIBRAB,NOR,757,13 AUG 2017,Harstad (NOR),
Awet Nftalem KIBRAB,NOR,1009,25 SEP 2021,"Bislett Stadion, Oslo (NOR)",
Awet Nftalem KIBRAB,NOR,1025,13 JUL 2022,"Bislett Stadion, Oslo (NOR)",
Awet Nftalem KIBRAB,NOR,1154,15 JUL 2023,"Stadion De Veen, Heusden-Zolder (BEL)",
Awet Nftalem KIBRAB,NOR,1122,29 JUN 2024,"Sandnes Stadion, Sandnes (NOR)",
Awet Nftalem KIBRAB,NOR,1118,15 MAY 2024,"Olympiastadion, Stockholm (SWE)",6.
Awet Nftalem KIBRAB,NOR,1052,30 MAY 2024,"Bislett Stadion, Oslo (NOR)",19.
Awet Nftalem KIBRAB,NOR,1055,22 JUN 2024,"Estádio 1o de Maio, Braga (POR)",1.
Awet Nftalem KIBRAB,NOR,1122,29 JUN 2024,"Sandnes Stadion, Sandnes (NOR)",3.
Awet Nftalem KIBRAB,NOR,1154,15 JUL 2023,"Stadion De Veen, Heusden-Zolder (BEL)",
Awet Nftalem KIBRAB,NOR,1122,29 JUN 2024,"Sandnes Stadion, Sandnes (NOR)",
Awet Nftalem KIBRAB,NOR,,,,
Awet Nftalem KIBRAB,NOR,,,,
Awet Nftalem KIBRAB,NOR,,,,
Awet Nftalem KIBRAB,NOR,,,,
Awet Nftalem KIBRAB,NOR,,,,
Awet Nftalem KIBRAB,NOR,,,,
Awet Nftalem KIBRAB,NOR,,,,
Awet Nftalem KIBRAB,NOR,,,,
Awet Nftalem KIBRAB,NOR,,,,
Awet Nftalem KIBRAB,NOR,,,,
Awet Nftalem KIBRAB,NOR,,,,
Awet Nftalem KIBRAB,NOR,,,,
Bob LIKING,USA,1176,17 MAY 2024,"Drake Stadium, Los Angeles, CA (USA)",
Bob LIKING,USA,1158,02 DEC 2023,"Boston Univ. Track & Tennis Center, Boston, MA (USA) (i)",
Bob LIKING,USA,1176,17 MAY 2024,"Drake Stadium, Los Angeles, CA (USA)",
Bob LIKING,USA,984,16 APR 2021,"Billy Hayes T& F Complex, Bloomington, IN (USA)",
Bob LIKING,USA,1077,23 APR 2022,"Hayward Field, Eugene, OR (USA)",
Bob LIKING,USA,1109,14 APR 2023,"Cougar Athletic Stadium, Azusa, CA (USA)",
Bob LIKING,USA,1176,17 MAY 2024,"Drake Stadium, Los Angeles, CA (USA)",
Bob LIKING,USA,1158,02 DEC 2023,"Boston Univ. Track & Tennis Center, Boston, MA (USA) (i)",
Bob LIKING,USA,1009,23 FEB 2024,"SPIRE Institute Indoor Track & Field Facility, Geneva, OH (USA) (i)",2.
Bob LIKING,USA,1140,12 APR 2024,"Cougar Athletic Stadium, Azusa, CA (USA)",5.
Bob LIKING,USA,1176,17 MAY 2024,"Drake Stadium, Los Angeles, CA (USA)",4.
Bob LIKING,USA,1073,27 JUN 2024,"Hayward Field, Eugene, OR (USA)",10.
Bob LIKING,USA,1176,17 MAY 2024,"Drake Stadium, Los Angeles, CA (USA)",
Bob LIKING,USA,1158,02 DEC 2023,"Boston Univ. Track & Tennis Center, Boston, MA (USA) (i)",
Bob LIKING,USA,1176,17 MAY 2024,"Drake Stadium, Los Angeles, CA (USA)",
Bob LIKING,USA,,,,
Bob LIKING,USA,,,,
Bob LIKING,USA,,,,
Bob LIKING,USA,,,,
Bob LIKING,USA,,,,
Bob LIKING,USA,,,,
Bob LIKING,USA,,,,
Bob LIKING,USA,,,,
Bob LIKING,USA,,,,
Sebastian FREY,AUT,1135,15 JUN 2024,"Stadion De Veen, Heusden-Zolder (BEL)",
Sebastian FREY,AUT,1171,26 JAN 2024,"Boston Univ. Track & Tennis Center, Boston, MA (USA) (i)",
Sebastian FREY,AUT,1135,15 JUN 2024,"Stadion De Veen, Heusden-Zolder (BEL)",
Sebastian FREY,AUT,1171,26 JAN 2024,"Boston Univ. Track & Tennis Center, Boston, MA (USA) (i)",
Sebastian FREY,AUT,984,19 JUN 2021,"Sportanlage am Weinweg, Regensburg (GER)",
Sebastian FREY,AUT,1068,02 JUL 2022,"Stadion De Veen, Heusden-Zolder (BEL)",
Sebastian FREY,AUT,993,22 JUL 2023,"Atletski Stadion, Kraljevo (SRB)",
Sebastian FREY,AUT,1135,15 JUN 2024,"Stadion De Veen, Heusden-Zolder (BEL)",
Sebastian FREY,AUT,1171,26 JAN 2024,"Boston Univ. Track & Tennis Center, Boston, MA (USA) (i)",
Sebastian FREY,AUT,,25 MAY 2024,"Atatürk Stadyumu, Izmir (TUR)",1.
Sebastian FREY,AUT,,22 JUL 2023,"Atletski Stadion, Kraljevo (SRB)",1.
Sebastian FREY,AUT,1121,19 MAY 2024,"Bungertstadion, Rehlingen (GER)",4.
Sebastian FREY,AUT,1081,25 MAY 2024,"Atatürk Stadyumu, Izmir (TUR)",1.
Sebastian FREY,AUT,1135,15 JUN 2024,"Stadion De Veen, Heusden-Zolder (BEL)",7.
Sebastian FREY,AUT,1105,22 JUN 2024,"LAZ Wien, Wien (AUT)",1.
Sebastian FREY,AUT,1105,22 JUN 2024,"LAZ Wien, Wien (AUT)",17.
Sebastian FREY,AUT,1171,26 JAN 2024,"Boston Univ. Track & Tennis Center, Boston, MA (USA) (i)",4.
Sebastian FREY,AUT,1130,10 FEB 2024,"Boston Univ. Track & Tennis Center, Boston, MA (USA) (i)",16.
Sebastian FREY,AUT,,14 JUL 2023,"Leppävaaran Stadion, Espoo (FIN)",15.
Sebastian FREY,AUT,,14 JUL 2023,"Leppävaaran Stadion, Espoo (FIN)",15.
Sebastian FREY,AUT,1135,15 JUN 2024,"Stadion De Veen, Heusden-Zolder (BEL)",
Sebastian FREY,AUT,1171,26 JAN 2024,"Boston Univ. Track & Tennis Center, Boston, MA (USA) (i)",
Sebastian FREY,AUT,1135,15 JUN 2024,"Stadion De Veen, Heusden-Zolder (BEL)",
Sebastian FREY,AUT,1171,26 JAN 2024,"Boston Univ. Track & Tennis Center, Boston, MA (USA) (i)",
Sebastian FREY,AUT,,,,
Sebastian FREY,AUT,,,,
Sebastian FREY,AUT,,,,
Sebastian FREY,AUT,,,,
Sebastian FREY,AUT,,,,
Sebastian FREY,AUT,,25 MAY 2024,"Atatürk Stadyumu, Izmir (TUR)",1.
Sebastian FREY,AUT,,22 JUL 2023,"Atletski Stadion, Kraljevo (SRB)",1.
Sebastian FREY,AUT,,,,
Sebastian FREY,AUT,,,,
Sebastian FREY,AUT,,,,
Sebastian FREY,AUT,,,,
Sebastian FREY,AUT,,,,
Sebastian FREY,AUT,,,,
Sebastian FREY,AUT,,,,
Bastien AUGUSTO,FRA,1149,12 APR 2024,"Cougar Athletic Stadium, Azusa, CA (USA)",
Bastien AUGUSTO,FRA,1149,12 APR 2024,"Cougar Athletic Stadium, Azusa, CA (USA)",
Bastien AUGUSTO,FRA,969,25 MAY 2019,"Putbosstadion, Oordegem (BEL)",
Bastien AUGUSTO,FRA,977,12 SEP 2020,"Stadium Municipal, Albi (FRA)",
Bastien AUGUSTO,FRA,1040,10 JUN 2023,Montesson (FRA),
Bastien AUGUSTO,FRA,1149,12 APR 2024,"Cougar Athletic Stadium, Azusa, CA (USA)",
Bastien AUGUSTO,FRA,1149,12 APR 2024,"Cougar Athletic Stadium, Azusa, CA (USA)",4.
Bastien AUGUSTO,FRA,1138,27 APR 2024,"Suzhou Olympic Sports Centre, Suzhou (CHN)",10.
Bastien AUGUSTO,FRA,1128,15 MAY 2024,"Olympiastadion, Stockholm (SWE)",4.
Bastien AUGUSTO,FRA,1088,08 JUN 2024,"Stadio Olimpico, Roma (ITA)",19.
Bastien AUGUSTO,FRA,1033,28 JUN 2024,"Stade Josette et Roger Mikulak, Angers (FRA)",8.
Bastien AUGUSTO,FRA,,08 JUN 2024,"Stadio Olimpico, Roma (ITA)",19.
Bastien AUGUSTO,FRA,,08 JUN 2024,"Stadio Olimpico, Roma (ITA)",19.
Bastien AUGUSTO,FRA,1149,12 APR 2024,"Cougar Athletic Stadium, Azusa, CA (USA)",
Bastien AUGUSTO,FRA,1149,12 APR 2024,"Cougar Athletic Stadium, Azusa, CA (USA)",
Bastien AUGUSTO,FRA,,,,
Bastien AUGUSTO,FRA,,,,
Bastien AUGUSTO,FRA,,,,
Bastien AUGUSTO,FRA,,,,
Bastien AUGUSTO,FRA,,,,
Bastien AUGUSTO,FRA,,,,
Bastien AUGUSTO,FRA,,,,
Bastien AUGUSTO,FRA,,,,
Bastien AUGUSTO,FRA,,,,
Kazuya SHIOJIRI,JPN,1150,10 DEC 2021,"Takebishi Stadium, Kyoto (JPN)",
Kazuya SHIOJIRI,JPN,1124,19 MAY 2024,"National Stadium, Tokyo (JPN)",
Kazuya SHIOJIRI,JPN,982,21 OCT 2014,Nagasaki (JPN),
Kazuya SHIOJIRI,JPN,1014,26 MAR 2016,Chiba (JPN),
Kazuya SHIOJIRI,JPN,1091,01 APR 2017,Kumamoto (JPN),
Kazuya SHIOJIRI,JPN,1068,22 APR 2018,Yokohama (JPN),
Kazuya SHIOJIRI,JPN,1099,04 MAY 2019,Nobeoka (JPN),
Kazuya SHIOJIRI,JPN,1068,18 JUL 2020,"Aoba Park Athletic Field, Chitose (JPN)",
Kazuya SHIOJIRI,JPN,1150,10 DEC 2021,"Takebishi Stadium, Kyoto (JPN)",
Kazuya SHIOJIRI,JPN,1105,22 JUN 2022,"Athletics Stadium, Fukagawa (JPN)",
Kazuya SHIOJIRI,JPN,1138,01 JUN 2023,"Yanmar Stadium Nagai, Osaka (JPN)",
Kazuya SHIOJIRI,JPN,1124,19 MAY 2024,"National Stadium, Tokyo (JPN)",
Kazuya SHIOJIRI,JPN,,16 JUL 2023,"Supachalasai National Stadium, Bangkok (THA)",2.
Kazuya SHIOJIRI,JPN,,01 JUN 2023,"Yanmar Stadium Nagai, Osaka (JPN)",1.
Kazuya SHIOJIRI,JPN,1121,13 APR 2024,"Egao Kenko Stadium, Kumamoto (JPN)",7.
Kazuya SHIOJIRI,JPN,1124,19 MAY 2024,"National Stadium, Tokyo (JPN)",6.
Kazuya SHIOJIRI,JPN,1073,28 JUN 2024,"Denka Big Swan Stadium, Niigata (JPN)",18.
Kazuya SHIOJIRI,JPN,,24 AUG 2023,"Nemzeti Atlétikai Központ, Budapest (HUN)",35.
Kazuya SHIOJIRI,JPN,,16 JUL 2023,"Supachalasai National Stadium, Bangkok (THA)",2.
Kazuya SHIOJIRI,JPN,,24 AUG 2023,"Nemzeti Atlétikai Központ, Budapest (HUN)",35.
Kazuya SHIOJIRI,JPN,,16 JUL 2023,"Supachalasai National Stadium, Bangkok (THA)",2.
Kazuya SHIOJIRI,JPN,1150,10 DEC 2021,"Takebishi Stadium, Kyoto (JPN)",
Kazuya SHIOJIRI,JPN,1124,19 MAY 2024,"National Stadium, Tokyo (JPN)",
Kazuya SHIOJIRI,JPN,,,,
Kazuya SHIOJIRI,JPN,,,,
Kazuya SHIOJIRI,JPN,,,,
Kazuya SHIOJIRI,JPN,,,,
Kazuya SHIOJIRI,JPN,,,,
Kazuya SHIOJIRI,JPN,,,,
Kazuya SHIOJIRI,JPN,,,,
Kazuya SHIOJIRI,JPN,,,,
Kazuya SHIOJIRI,JPN,,,,
Kazuya SHIOJIRI,JPN,,,,
Kazuya SHIOJIRI,JPN,,16 JUL 2023,"Supachalasai National Stadium, Bangkok (THA)",2.
Kazuya SHIOJIRI,JPN,,01 JUN 2023,"Yanmar Stadium Nagai, Osaka (JPN)",1.
Kazuya SHIOJIRI,JPN,,,,
Kazuya SHIOJIRI,JPN,,,,
Kazuya SHIOJIRI,JPN,,,,
Sergio JIMÉNEZ,ESP,1161,25 MAY 2024,"Boudewijnstadion, Bruxelles (BEL)",
Sergio JIMÉNEZ,ESP,1161,25 MAY 2024,"Boudewijnstadion, Bruxelles (BEL)",
Sergio JIMÉNEZ,ESP,1067,02 JUN 2018,Los Corrales de Buelna (ESP),
Sergio JIMÉNEZ,ESP,1098,20 JUL 2019,Heusden-Zolder (BEL),
Sergio JIMÉNEZ,ESP,1089,04 JUL 2020,"Estadio Enrique Lopez Cuenca, Nerja (ESP)",
Sergio JIMÉNEZ,ESP,1105,03 JUL 2021,"Stadion De Veen, Heusden-Zolder (BEL)",
Sergio JIMÉNEZ,ESP,1121,18 MAY 2023,"Estadio Enrique Lopez Cuenca, Nerja (ESP)",
Sergio JIMÉNEZ,ESP,1161,25 MAY 2024,"Boudewijnstadion, Bruxelles (BEL)",
Sergio JIMÉNEZ,ESP,1134,30 APR 2024,"Estadio Iberoamericano, Huelva (ESP)",6.
Sergio JIMÉNEZ,ESP,1109,11 MAY 2024,"Carl-Kaufmann-Stadion, Karlsruhe (GER)",1.
Sergio JIMÉNEZ,ESP,1161,25 MAY 2024,"Boudewijnstadion, Bruxelles (BEL)",10.
Sergio JIMÉNEZ,ESP,1056,08 JUN 2024,"Stadio Olimpico, Roma (ITA)",24.
Sergio JIMÉNEZ,ESP,0,15 JUN 2024,"Stadion De Veen, Heusden-Zolder (BEL)",
Sergio JIMÉNEZ,ESP,0,28 JUN 2024,"Estadi Olímpic Camilo Cano, La Nucia (ESP)",
Sergio JIMÉNEZ,ESP,,08 JUN 2024,"Stadio Olimpico, Roma (ITA)",24.
Sergio JIMÉNEZ,ESP,,10 AUG 2019,"Zdzisław Krzyszkowiak Stadium, Bydgoszcz (POL)",4.
Sergio JIMÉNEZ,ESP,,08 JUN 2024,"Stadio Olimpico, Roma (ITA)",24.
Sergio JIMÉNEZ,ESP,,10 AUG 2019,"Zdzisław Krzyszkowiak Stadium, Bydgoszcz (POL)",4.
Sergio JIMÉNEZ,ESP,1161,25 MAY 2024,"Boudewijnstadion, Bruxelles (BEL)",
Sergio JIMÉNEZ,ESP,1161,25 MAY 2024,"Boudewijnstadion, Bruxelles (BEL)",
Sergio JIMÉNEZ,ESP,,,,
Sergio JIMÉNEZ,ESP,,,,
Sergio JIMÉNEZ,ESP,,,,
Sergio JIMÉNEZ,ESP,,,,
Sergio JIMÉNEZ,ESP,,,,
Sergio JIMÉNEZ,ESP,,,,
Sergio JIMÉNEZ,ESP,,,,
Sergio JIMÉNEZ,ESP,,,,
Sergio JIMÉNEZ,ESP,,,,
Sergio JIMÉNEZ,ESP,,,,
Sergio JIMÉNEZ,ESP,,,,
Sergio JIMÉNEZ,ESP,,,,
Per SVELA,NOR,1142,12 JUL 2024,"Morton Stadium, Dublin (IRL)",
Per SVELA,NOR,1142,12 JUL 2024,"Morton Stadium, Dublin (IRL)",
Per SVELA,NOR,876,16 SEP 2015,Oslo (NOR),
Per SVELA,NOR,969,16 JUL 2016,Heusden-Zolder (BEL),
Per SVELA,NOR,1053,27 MAY 2017,Oordegem (BEL),
Per SVELA,NOR,1063,21 JUL 2018,Heusden-Zolder (BEL),
Per SVELA,NOR,1084,25 MAY 2019,"Putbosstadion, Oordegem (BEL)",
Per SVELA,NOR,1123,14 AUG 2020,"Stade Louis II, Monaco (MON)",
Per SVELA,NOR,1092,03 JUL 2021,"Stadion De Veen, Heusden-Zolder (BEL)",
Per SVELA,NOR,1107,02 JUL 2022,"Stadion De Veen, Heusden-Zolder (BEL)",
Per SVELA,NOR,1129,27 MAY 2023,"Putbosstadion, Oordegem (BEL)",
Per SVELA,NOR,1142,12 JUL 2024,"Morton Stadium, Dublin (IRL)",
Per SVELA,NOR,1138,30 APR 2024,"Estadio Iberoamericano, Huelva (ESP)",4.
Per SVELA,NOR,1117,30 MAY 2024,"Bislett Stadion, Oslo (NOR)",17.
Per SVELA,NOR,1072,08 JUN 2024,"Stadio Olimpico, Roma (ITA)",21.
Per SVELA,NOR,1122,29 JUN 2024,"Sandnes Stadion, Sandnes (NOR)",4.
Per SVELA,NOR,1142,12 JUL 2024,"Morton Stadium, Dublin (IRL)",4.
Per SVELA,NOR,,08 JUN 2024,"Stadio Olimpico, Roma (ITA)",21.
Per SVELA,NOR,,08 JUN 2024,"Stadio Olimpico, Roma (ITA)",21.
Per SVELA,NOR,1142,12 JUL 2024,"Morton Stadium, Dublin (IRL)",
Per SVELA,NOR,1142,12 JUL 2024,"Morton Stadium, Dublin (IRL)",
Per SVELA,NOR,,,,
Per SVELA,NOR,,,,
Per SVELA,NOR,,,,
Per SVELA,NOR,,,,
Per SVELA,NOR,,,,
Per SVELA,NOR,,,,
Per SVELA,NOR,,,,
Per SVELA,NOR,,,,
Per SVELA,NOR,,,,
Per SVELA,NOR,,,,
Per SVELA,NOR,,,,
Per SVELA,NOR,,,,
Per SVELA,NOR,,,,
Per SVELA,NOR,,,,
Per SVELA,NOR,,,,
Célestin NDIKUMANA,BDI,1163,02 JUN 2024,"Polisportivo Comunale, San Vito al Tagliamento (ITA)",
Célestin NDIKUMANA,BDI,1163,02 JUN 2024,"Polisportivo Comunale, San Vito al Tagliamento (ITA)",
Célestin NDIKUMANA,BDI,967,04 APR 2021,Bujumbura (BDI),
Célestin NDIKUMANA,BDI,1033,10 SEP 2022,"Stadio Zatopek, Campi Bisenzio (ITA)",
Célestin NDIKUMANA,BDI,1142,05 MAY 2023,"Stadio Narciso Soldan, Conegliano (ITA)",
Célestin NDIKUMANA,BDI,1163,02 JUN 2024,"Polisportivo Comunale, San Vito al Tagliamento (ITA)",
Célestin NDIKUMANA,BDI,,22 MAR 2024,"University of Ghana Sports Stadium, Accra (GHA)",6.
Célestin NDIKUMANA,BDI,1049,22 MAR 2024,"University of Ghana Sports Stadium, Accra (GHA)",6.
Célestin NDIKUMANA,BDI,1097,27 APR 2024,"Arena Civica Gianni Brera, Milano (ITA)",1.
Célestin NDIKUMANA,BDI,986,12 MAY 2024,"Stadio Guidobaldi, Rieti (ITA)",1.
Célestin NDIKUMANA,BDI,1163,02 JUN 2024,"Polisportivo Comunale, San Vito al Tagliamento (ITA)",3.
Célestin NDIKUMANA,BDI,1127,22 JUN 2024,"LAZ Wien, Wien (AUT)",14.
Célestin NDIKUMANA,BDI,1153,06 JUL 2024,"Parc des Sports, Maisons-Laffitte (FRA)",8.
Célestin NDIKUMANA,BDI,,22 MAR 2024,"University of Ghana Sports Stadium, Accra (GHA)",6.
Célestin NDIKUMANA,BDI,,22 MAR 2024,"University of Ghana Sports Stadium, Accra (GHA)",6.
Célestin NDIKUMANA,BDI,1163,02 JUN 2024,"Polisportivo Comunale, San Vito al Tagliamento (ITA)",
Célestin NDIKUMANA,BDI,1163,02 JUN 2024,"Polisportivo Comunale, San Vito al Tagliamento (ITA)",
Célestin NDIKUMANA,BDI,,,,
Célestin NDIKUMANA,BDI,,,,
Célestin NDIKUMANA,BDI,,,,
Célestin NDIKUMANA,BDI,,,,
Célestin NDIKUMANA,BDI,,22 MAR 2024,"University of Ghana Sports Stadium, Accra (GHA)",6.
Célestin NDIKUMANA,BDI,,,,
Célestin NDIKUMANA,BDI,,,,
Célestin NDIKUMANA,BDI,,,,
Célestin NDIKUMANA,BDI,,,,
Célestin NDIKUMANA,BDI,,,,
Célestin NDIKUMANA,BDI,,,,
Florian BREMM,GER,1166,25 MAY 2024,"Boudewijnstadion, Bruxelles (BEL)",
Florian BREMM,GER,1115,10 FEB 2024,"Boston Univ. Track & Tennis Center, Boston, MA (USA) (i)",
Florian BREMM,GER,1166,25 MAY 2024,"Boudewijnstadion, Bruxelles (BEL)",
Florian BREMM,GER,1115,10 FEB 2024,"Boston Univ. Track & Tennis Center, Boston, MA (USA) (i)",
Florian BREMM,GER,864,19 MAY 2018,Karlsruhe (GER),
Florian BREMM,GER,834,18 MAY 2019,Karlsruhe (GER),
Florian BREMM,GER,798,18 SEP 2021,"Stadium Lido, Locarno (SUI)",
Florian BREMM,GER,1060,02 JUL 2022,"Stadion De Veen, Heusden-Zolder (BEL)",
Florian BREMM,GER,1099,27 MAY 2023,"Putbosstadion, Oordegem (BEL)",
Florian BREMM,GER,1166,25 MAY 2024,"Boudewijnstadion, Bruxelles (BEL)",
Florian BREMM,GER,1115,10 FEB 2024,"Boston Univ. Track & Tennis Center, Boston, MA (USA) (i)",
Florian BREMM,GER,,28 JUN 2024,"Eintracht-Stadion, Braunschweig (GER)",1.
Florian BREMM,GER,,09 JUL 2023,"Auestadion, Kassel (GER)",1.
Florian BREMM,GER,1079,30 APR 2024,"Estadio Iberoamericano, Huelva (ESP)",13.
Florian BREMM,GER,1117,19 MAY 2024,"Bungertstadion, Rehlingen (GER)",5.
Florian BREMM,GER,1166,25 MAY 2024,"Boudewijnstadion, Bruxelles (BEL)",9.
Florian BREMM,GER,1059,08 JUN 2024,"Stadio Olimpico, Roma (ITA)",23.
Florian BREMM,GER,1035,22 JUN 2024,"LAZ Wien, Wien (AUT)",23.
Florian BREMM,GER,1073,28 JUN 2024,"Eintracht-Stadion, Braunschweig (GER)",1.
Florian BREMM,GER,1115,10 FEB 2024,"Boston Univ. Track & Tennis Center, Boston, MA (USA) (i)",4.
Florian BREMM,GER,,08 JUN 2024,"Stadio Olimpico, Roma (ITA)",23.
Florian BREMM,GER,1166,25 MAY 2024,"Boudewijnstadion, Bruxelles (BEL)",
Florian BREMM,GER,1115,10 FEB 2024,"Boston Univ. Track & Tennis Center, Boston, MA (USA) (i)",
Florian BREMM,GER,1166,25 MAY 2024,"Boudewijnstadion, Bruxelles (BEL)",
Florian BREMM,GER,1115,10 FEB 2024,"Boston Univ. Track & Tennis Center, Boston, MA (USA) (i)",
Florian BREMM,GER,,,,
Florian BREMM,GER,,,,
Florian BREMM,GER,,,,
Florian BREMM,GER,,,,
Florian BREMM,GER,,,,
Florian BREMM,GER,,,,
Florian BREMM,GER,,,,
Florian BREMM,GER,,28 JUN 2024,"Eintracht-Stadion, Braunschweig (GER)",1.
Florian BREMM,GER,,09 JUL 2023,"Auestadion, Kassel (GER)",1.
Florian BREMM,GER,,,,
Florian BREMM,GER,,,,
Florian BREMM,GER,,,,
Florian BREMM,GER,,,,
Florian BREMM,GER,,,,
Florian BREMM,GER,,,,
Florian BREMM,GER,,,,
Florian BREMM,GER,,08 JUN 2024,"Stadio Olimpico, Roma (ITA)",23.
Hyuga ENDO,JPN,1171,04 MAY 2022,"Nishishina Athletic Stadium, Nobeoka (JPN)",
Hyuga ENDO,JPN,1159,08 FEB 2019,"Boston, MA (USA) (i)",
Hyuga ENDO,JPN,1136,19 MAY 2024,"National Stadium, Tokyo (JPN)",
Hyuga ENDO,JPN,1003,07 DEC 2014,Yokohama (JPN),
Hyuga ENDO,JPN,1031,05 JUL 2015,Shibetsu (JPN),
Hyuga ENDO,JPN,1040,02 APR 2016,Tokyo (JPN),
Hyuga ENDO,JPN,1072,03 DEC 2017,Yokohama (JPN),
Hyuga ENDO,JPN,1068,21 JUL 2018,Heusden-Zolder (BEL),
Hyuga ENDO,JPN,1159,08 FEB 2019,"Boston, MA (USA) (i)",
Hyuga ENDO,JPN,1141,18 JUL 2020,"Aoba Park Athletic Field, Chitose (JPN)",
Hyuga ENDO,JPN,1150,10 DEC 2021,"Takebishi Stadium, Kyoto (JPN)",
Hyuga ENDO,JPN,1171,04 MAY 2022,"Nishishina Athletic Stadium, Nobeoka (JPN)",
Hyuga ENDO,JPN,1134,01 JUN 2023,"Yanmar Stadium Nagai, Osaka (JPN)",
Hyuga ENDO,JPN,1136,19 MAY 2024,"National Stadium, Tokyo (JPN)",
Hyuga ENDO,JPN,1159,08 FEB 2019,"Boston, MA (USA) (i)",
Hyuga ENDO,JPN,,16 JUL 2023,"Supachalasai National Stadium, Bangkok (THA)",1.
Hyuga ENDO,JPN,,09 JUN 2022,"Yanmar Stadium Nagai, Osaka (JPN)",1.
Hyuga ENDO,JPN,,24 JUN 2021,"Yanmar Stadium Nagai, Osaka (JPN)",1.
Hyuga ENDO,JPN,0,28 APR 2024,"NITTAIDAI Athletic Stadium, Yokohama (JPN)",
Hyuga ENDO,JPN,1136,19 MAY 2024,"National Stadium, Tokyo (JPN)",4.
Hyuga ENDO,JPN,1024,28 JUN 2024,"Denka Big Swan Stadium, Niigata (JPN)",24.
Hyuga ENDO,JPN,0,20 JUL 2024,"Aoba Park Athletic Field, Chitose (JPN)",
Hyuga ENDO,JPN,,24 AUG 2023,"Nemzeti Atlétikai Központ, Budapest (HUN)",34.
Hyuga ENDO,JPN,,21 JUL 2022,"Hayward Field, Eugene, OR (USA)",31.
Hyuga ENDO,JPN,,16 JUL 2023,"Supachalasai National Stadium, Bangkok (THA)",1.
Hyuga ENDO,JPN,,23 JUL 2016,"Zdzisław Krzyszkowiak Stadium, Bydgoszcz (POL)",13.
Hyuga ENDO,JPN,,24 AUG 2023,"Nemzeti Atlétikai Központ, Budapest (HUN)",34.
Hyuga ENDO,JPN,,21 JUL 2022,"Hayward Field, Eugene, OR (USA)",31.
Hyuga ENDO,JPN,,16 JUL 2023,"Supachalasai National Stadium, Bangkok (THA)",1.
Hyuga ENDO,JPN,,23 JUL 2016,"Zdzisław Krzyszkowiak Stadium, Bydgoszcz (POL)",13.
Hyuga ENDO,JPN,1171,04 MAY 2022,"Nishishina Athletic Stadium, Nobeoka (JPN)",
Hyuga ENDO,JPN,1159,08 FEB 2019,"Boston, MA (USA) (i)",
Hyuga ENDO,JPN,1136,19 MAY 2024,"National Stadium, Tokyo (JPN)",
Hyuga ENDO,JPN,,,,
Hyuga ENDO,JPN,,,,
Hyuga ENDO,JPN,,,,
Hyuga ENDO,JPN,,,,
Hyuga ENDO,JPN,,,,
Hyuga ENDO,JPN,,,,
Hyuga ENDO,JPN,,,,
Hyuga ENDO,JPN,,,,
Hyuga ENDO,JPN,,,,
Hyuga ENDO,JPN,,,,
Hyuga ENDO,JPN,,,,
Hyuga ENDO,JPN,,,,
Hyuga ENDO,JPN,,16 JUL 2023,"Supachalasai National Stadium, Bangkok (THA)",1.
Hyuga ENDO,JPN,,09 JUN 2022,"Yanmar Stadium Nagai, Osaka (JPN)",1.
Hyuga ENDO,JPN,,24 JUN 2021,"Yanmar Stadium Nagai, Osaka (JPN)",1.
Hyuga ENDO,JPN,,,,
Hyuga ENDO,JPN,,,,
Hyuga ENDO,JPN,,,,
Hyuga ENDO,JPN,,,,
Sean MCGORTY,USA,1202,15 JUL 2023,"Stadion De Veen, Heusden-Zolder (BEL)",
Sean MCGORTY,USA,1228,12 FEB 2022,"Boston Univ. Track & Tennis Center, Boston, MA (USA) (i)",
Sean MCGORTY,USA,1144,30 JUN 2024,"Hayward Field, Eugene, OR (USA)",
Sean MCGORTY,USA,1076,04 MAY 2014,"Palo Alto, CA (USA)",
Sean MCGORTY,USA,1040,02 MAY 2015,"Palo Alto, CA (USA)",
Sean MCGORTY,USA,1122,01 MAY 2016,"Palo Alto, CA (USA)",
Sean MCGORTY,USA,1131,21 JUL 2018,Heusden-Zolder (BEL),
Sean MCGORTY,USA,1182,08 FEB 2019,"Boston, MA (USA) (i)",
Sean MCGORTY,USA,1169,30 JUN 2020,"Jesuit High School Track, Portland, OR (USA)",
Sean MCGORTY,USA,1186,06 MAR 2021,"JSerra Catholic HS, San Juan Capistrano, CA (USA)",
Sean MCGORTY,USA,1228,12 FEB 2022,"Boston Univ. Track & Tennis Center, Boston, MA (USA) (i)",
Sean MCGORTY,USA,1202,15 JUL 2023,"Stadion De Veen, Heusden-Zolder (BEL)",
Sean MCGORTY,USA,1144,30 JUN 2024,"Hayward Field, Eugene, OR (USA)",
Sean MCGORTY,USA,1182,08 FEB 2019,"Boston, MA (USA) (i)",
Sean MCGORTY,USA,1228,12 FEB 2022,"Boston Univ. Track & Tennis Center, Boston, MA (USA) (i)",
Sean MCGORTY,USA,,08 JUN 2018,"Eugene, OR (USA)",1.
Sean MCGORTY,USA,0,03 MAY 2024,"Hayward Field, Eugene, OR (USA)",
Sean MCGORTY,USA,1119,27 JUN 2024,"Hayward Field, Eugene, OR (USA)",6.
Sean MCGORTY,USA,1144,30 JUN 2024,"Hayward Field, Eugene, OR (USA)",6.
Sean MCGORTY,USA,,24 AUG 2023,"Nemzeti Atlétikai Központ, Budapest (HUN)",28.
Sean MCGORTY,USA,1202,15 JUL 2023,"Stadion De Veen, Heusden-Zolder (BEL)",
Sean MCGORTY,USA,1228,12 FEB 2022,"Boston Univ. Track & Tennis Center, Boston, MA (USA) (i)",
Sean MCGORTY,USA,1144,30 JUN 2024,"Hayward Field, Eugene, OR (USA)",
Sean MCGORTY,USA,,,,
Sean MCGORTY,USA,,,,
Sean MCGORTY,USA,,,,
Sean MCGORTY,USA,,,,
Sean MCGORTY,USA,,,,
Sean MCGORTY,USA,,,,
Sean MCGORTY,USA,,,,
Sean MCGORTY,USA,,,,
Sean MCGORTY,USA,,,,
Sean MCGORTY,USA,,,,
Sean MCGORTY,USA,,,,
Sean MCGORTY,USA,,,,
Sean MCGORTY,USA,,08 JUN 2018,"Eugene, OR (USA)",1.
Sean MCGORTY,USA,,,,
Sean MCGORTY,USA,,,,
Sean MCGORTY,USA,,,,
Sean MCGORTY,USA,,24 AUG 2023,"Nemzeti Atlétikai Központ, Budapest (HUN)",28.
Charles WHEELER,GBR,1187,10 FEB 2024,"Boston Univ. Track & Tennis Center, Boston, MA (USA) (i)",
Charles WHEELER,GBR,1187,10 FEB 2024,"Boston Univ. Track & Tennis Center, Boston, MA (USA) (i)",
Charles WHEELER,GBR,1187,10 FEB 2024,"Boston Univ. Track & Tennis Center, Boston, MA (USA) (i)",
Charles WHEELER,GBR,1187,10 FEB 2024,"Boston Univ. Track & Tennis Center, Boston, MA (USA) (i)",
Charles WHEELER,GBR,929,15 AUG 2020,"Stadion Rote Erde, Dortmund (GER)",
Charles WHEELER,GBR,0,27 FEB 2021,"SPIRE Institute Indoor Track & Field Facility, Geneva, OH (USA) (i)",
Charles WHEELER,GBR,1133,03 DEC 2022,"Boston Univ. Track & Tennis Center, Boston, MA (USA) (i)",
Charles WHEELER,GBR,1117,27 MAY 2023,"Putbosstadion, Oordegem (BEL)",
Charles WHEELER,GBR,1187,10 FEB 2024,"Boston Univ. Track & Tennis Center, Boston, MA (USA) (i)",
Charles WHEELER,GBR,1133,03 DEC 2022,"Boston Univ. Track & Tennis Center, Boston, MA (USA) (i)",
Charles WHEELER,GBR,1187,10 FEB 2024,"Boston Univ. Track & Tennis Center, Boston, MA (USA) (i)",
Charles WHEELER,GBR,1126,30 APR 2024,"Estadio Iberoamericano, Huelva (ESP)",8.
Charles WHEELER,GBR,1107,11 MAY 2024,"Carl-Kaufmann-Stadion, Karlsruhe (GER)",2.
Charles WHEELER,GBR,1125,25 MAY 2024,"Boudewijnstadion, Bruxelles (BEL)",14.
Charles WHEELER,GBR,1014,30 JUN 2024,"Manchester Regional Arena, Manchester (GBR)",9.
Charles WHEELER,GBR,1135,12 JUL 2024,"Morton Stadium, Dublin (IRL)",5.
Charles WHEELER,GBR,1187,10 FEB 2024,"Boston Univ. Track & Tennis Center, Boston, MA (USA) (i)",10.
Charles WHEELER,GBR,1187,10 FEB 2024,"Boston Univ. Track & Tennis Center, Boston, MA (USA) (i)",
Charles WHEELER,GBR,1187,10 FEB 2024,"Boston Univ. Track & Tennis Center, Boston, MA (USA) (i)",
Charles WHEELER,GBR,1187,10 FEB 2024,"Boston Univ. Track & Tennis Center, Boston, MA (USA) (i)",
Charles WHEELER,GBR,1187,10 FEB 2024,"Boston Univ. Track & Tennis Center, Boston, MA (USA) (i)",
Charles WHEELER,GBR,,,,
Charles WHEELER,GBR,,,,
Charles WHEELER,GBR,,,,
Charles WHEELER,GBR,,,,
Charles WHEELER,GBR,,,,
Charles WHEELER,GBR,,,,
Charles WHEELER,GBR,,,,
Charles WHEELER,GBR,,,,
Charles WHEELER,GBR,,,,
Charles WHEELER,GBR,,,,
Charles WHEELER,GBR,,,,
Charles WHEELER,GBR,,,,
Charles WHEELER,GBR,,,,
Kibet KANDIE,KEN,1178,03 OCT 2021,"NITTAIDAI Athletic Stadium, Yokohama (JPN)",
Kibet KANDIE,KEN,1154,04 MAY 2024,"Nishishina Athletic Stadium, Nobeoka (JPN)",
Kibet KANDIE,KEN,1068,06 DEC 2020,"NITTAIDAI Athletic Stadium, Yokohama (JPN)",
Kibet KANDIE,KEN,1178,03 OCT 2021,"NITTAIDAI Athletic Stadium, Yokohama (JPN)",
Kibet KANDIE,KEN,1131,04 MAY 2022,"Nishishina Athletic Stadium, Nobeoka (JPN)",
Kibet KANDIE,KEN,1159,04 MAY 2023,"Nishishina Athletic Stadium, Nobeoka (JPN)",
Kibet KANDIE,KEN,1154,04 MAY 2024,"Nishishina Athletic Stadium, Nobeoka (JPN)",
Kibet KANDIE,KEN,1154,04 MAY 2024,"Nishishina Athletic Stadium, Nobeoka (JPN)",2.
Kibet KANDIE,KEN,1011,15 JUN 2024,"Nyayo National Stadium, Nairobi (KEN)",15.
Kibet KANDIE,KEN,1084,20 JUL 2024,"Aoba Park Athletic Field, Chitose (JPN)",8.
Kibet KANDIE,KEN,1178,03 OCT 2021,"NITTAIDAI Athletic Stadium, Yokohama (JPN)",
Kibet KANDIE,KEN,1154,04 MAY 2024,"Nishishina Athletic Stadium, Nobeoka (JPN)",
Kibet KANDIE,KEN,,,,
Kibet KANDIE,KEN,,,,
Kibet KANDIE,KEN,,,,
Kibet KANDIE,KEN,,,,
Kibet KANDIE,KEN,,,,
Kibet KANDIE,KEN,,,,
Kibet KANDIE,KEN,,,,
Kibet KANDIE,KEN,,,,
Mahadi ABDI ALI,NED,1153,22 JUN 2024,"LAZ Wien, Wien (AUT)",
Mahadi ABDI ALI,NED,1164,10 FEB 2024,"Boston Univ. Track & Tennis Center, Boston, MA (USA) (i)",
Mahadi ABDI ALI,NED,1153,22 JUN 2024,"LAZ Wien, Wien (AUT)",
Mahadi ABDI ALI,NED,1164,10 FEB 2024,"Boston Univ. Track & Tennis Center, Boston, MA (USA) (i)",
Mahadi ABDI ALI,NED,656,30 JUN 2013,Eindhoven (NED),
Mahadi ABDI ALI,NED,886,20 AUG 2016,Merksem (BEL),
Mahadi ABDI ALI,NED,972,22 JUL 2017,Heusden-Zolder (BEL),
Mahadi ABDI ALI,NED,999,03 AUG 2019,Ninove (BEL),
Mahadi ABDI ALI,NED,987,18 SEP 2020,"De Bongerd, Wageningen (NED)",
Mahadi ABDI ALI,NED,1014,22 AUG 2021,"Stade Jean Jacoby, Schifflange (LUX)",
Mahadi ABDI ALI,NED,1078,14 MAY 2022,"LAZ Wien, Wien (AUT)",
Mahadi ABDI ALI,NED,1115,27 MAY 2023,"Putbosstadion, Oordegem (BEL)",
Mahadi ABDI ALI,NED,1153,22 JUN 2024,"LAZ Wien, Wien (AUT)",
Mahadi ABDI ALI,NED,1164,10 FEB 2024,"Boston Univ. Track & Tennis Center, Boston, MA (USA) (i)",
Mahadi ABDI ALI,NED,,28 JUN 2024,"FBK Stadium, Hengelo (NED)",1.
Mahadi ABDI ALI,NED,1036,04 MAY 2024,"Stade Raymond Troussier, Decines (FRA)",14.
Mahadi ABDI ALI,NED,1150,25 MAY 2024,"Boudewijnstadion, Bruxelles (BEL)",12.
Mahadi ABDI ALI,NED,1117,08 JUN 2024,"Stadio Olimpico, Roma (ITA)",9.
Mahadi ABDI ALI,NED,1153,22 JUN 2024,"LAZ Wien, Wien (AUT)",6.
Mahadi ABDI ALI,NED,993,28 JUN 2024,"FBK Stadium, Hengelo (NED)",1.
Mahadi ABDI ALI,NED,0,07 JUL 2024,"FBK Stadium, Hengelo (NED)",
Mahadi ABDI ALI,NED,1164,10 FEB 2024,"Boston Univ. Track & Tennis Center, Boston, MA (USA) (i)",14.
Mahadi ABDI ALI,NED,,08 JUN 2024,"Stadio Olimpico, Roma (ITA)",9.
Mahadi ABDI ALI,NED,,08 JUN 2024,"Stadio Olimpico, Roma (ITA)",9.
Mahadi ABDI ALI,NED,1153,22 JUN 2024,"LAZ Wien, Wien (AUT)",
Mahadi ABDI ALI,NED,1164,10 FEB 2024,"Boston Univ. Track & Tennis Center, Boston, MA (USA) (i)",
Mahadi ABDI ALI,NED,1153,22 JUN 2024,"LAZ Wien, Wien (AUT)",
Mahadi ABDI ALI,NED,1164,10 FEB 2024,"Boston Univ. Track & Tennis Center, Boston, MA (USA) (i)",
Mahadi ABDI ALI,NED,,,,
Mahadi ABDI ALI,NED,,,,
Mahadi ABDI ALI,NED,,,,
Mahadi ABDI ALI,NED,,,,
Mahadi ABDI ALI,NED,,,,
Mahadi ABDI ALI,NED,,,,
Mahadi ABDI ALI,NED,,,,
Mahadi ABDI ALI,NED,,,,
Mahadi ABDI ALI,NED,,,,
Mahadi ABDI ALI,NED,,,,
Mahadi ABDI ALI,NED,,28 JUN 2024,"FBK Stadium, Hengelo (NED)",1.
Mahadi ABDI ALI,NED,,,,
Mahadi ABDI ALI,NED,,,,
Mahadi ABDI ALI,NED,,,,
Mahadi ABDI ALI,NED,,,,
Mahadi ABDI ALI,NED,,,,
Mahadi ABDI ALI,NED,,,,
Mahadi ABDI ALI,NED,,,,
Kieran TUNTIVATE,THA,1231,12 FEB 2022,"Boston Univ. Track & Tennis Center, Boston, MA (USA) (i)",
Kieran TUNTIVATE,THA,1231,12 FEB 2022,"Boston Univ. Track & Tennis Center, Boston, MA (USA) (i)",
Kieran TUNTIVATE,THA,1087,19 MAY 2024,"National Stadium, Tokyo (JPN)",
Kieran TUNTIVATE,THA,1081,16 FEB 2024,"Boston Univ. Track & Tennis Center, Boston, MA (USA) (i)",
Kieran TUNTIVATE,THA,997,02 DEC 2017,"Boston, MA (USA) (i)",
Kieran TUNTIVATE,THA,1004,26 APR 2018,"Philadelphia, PA (USA)",
Kieran TUNTIVATE,THA,1008,20 APR 2019,"Charlottesville, VA (USA)",
Kieran TUNTIVATE,THA,973,01 MAR 2020,"Cornell-Barton Hall, Ithaca, NY (USA) (i)",
Kieran TUNTIVATE,THA,1058,29 MAY 2021,"Griswold Stadium, Portland, OR (USA)",
Kieran TUNTIVATE,THA,1231,12 FEB 2022,"Boston Univ. Track & Tennis Center, Boston, MA (USA) (i)",
Kieran TUNTIVATE,THA,1153,15 JUL 2023,"Stadion De Veen, Heusden-Zolder (BEL)",
Kieran TUNTIVATE,THA,1087,19 MAY 2024,"National Stadium, Tokyo (JPN)",
Kieran TUNTIVATE,THA,997,02 DEC 2017,"Boston, MA (USA) (i)",
Kieran TUNTIVATE,THA,957,24 FEB 2019,"Cambridge, MA (USA) (i)",
Kieran TUNTIVATE,THA,973,01 MAR 2020,"Cornell-Barton Hall, Ithaca, NY (USA) (i)",
Kieran TUNTIVATE,THA,1231,12 FEB 2022,"Boston Univ. Track & Tennis Center, Boston, MA (USA) (i)",
Kieran TUNTIVATE,THA,1081,16 FEB 2024,"Boston Univ. Track & Tennis Center, Boston, MA (USA) (i)",
Kieran TUNTIVATE,THA,0,27 APR 2024,"Suzhou Olympic Sports Centre, Suzhou (CHN)",
Kieran TUNTIVATE,THA,0,03 MAY 2024,"Hayward Field, Eugene, OR (USA)",
Kieran TUNTIVATE,THA,1087,19 MAY 2024,"National Stadium, Tokyo (JPN)",12.
Kieran TUNTIVATE,THA,1081,16 FEB 2024,"Boston Univ. Track & Tennis Center, Boston, MA (USA) (i)",12.
Kieran TUNTIVATE,THA,,21 JUL 2022,"Hayward Field, Eugene, OR (USA)",40.
Kieran TUNTIVATE,THA,,21 JUL 2022,"Hayward Field, Eugene, OR (USA)",40.
Kieran TUNTIVATE,THA,1231,12 FEB 2022,"Boston Univ. Track & Tennis Center, Boston, MA (USA) (i)",
Kieran TUNTIVATE,THA,1231,12 FEB 2022,"Boston Univ. Track & Tennis Center, Boston, MA (USA) (i)",
Kieran TUNTIVATE,THA,1087,19 MAY 2024,"National Stadium, Tokyo (JPN)",
Kieran TUNTIVATE,THA,1081,16 FEB 2024,"Boston Univ. Track & Tennis Center, Boston, MA (USA) (i)",
Kieran TUNTIVATE,THA,,,,
Kieran TUNTIVATE,THA,,,,
Kieran TUNTIVATE,THA,,,,
Kieran TUNTIVATE,THA,,,,
Kieran TUNTIVATE,THA,,,,
Kieran TUNTIVATE,THA,,,,
Kieran TUNTIVATE,THA,,,,
Kieran TUNTIVATE,THA,,,,
Kieran TUNTIVATE,THA,,,,
Kieran TUNTIVATE,THA,,,,
Kieran TUNTIVATE,THA,,,,
Kieran TUNTIVATE,THA,,,,
Kieran TUNTIVATE,THA,,,,
Kieran TUNTIVATE,THA,,,,
Kieran TUNTIVATE,THA,,,,
Kieran TUNTIVATE,THA,,,,
Kieran TUNTIVATE,THA,,,,
Davor Aaron BIENENFELD,GER,1193,16 FEB 2024,"Boston Univ. Track & Tennis Center, Boston, MA (USA) (i)",
Davor Aaron BIENENFELD,GER,1193,16 FEB 2024,"Boston Univ. Track & Tennis Center, Boston, MA (USA) (i)",
Davor Aaron BIENENFELD,GER,1193,16 FEB 2024,"Boston Univ. Track & Tennis Center, Boston, MA (USA) (i)",
Davor Aaron BIENENFELD,GER,1193,16 FEB 2024,"Boston Univ. Track & Tennis Center, Boston, MA (USA) (i)",
Davor Aaron BIENENFELD,GER,744,31 JUL 2015,Jena (GER),
Davor Aaron BIENENFELD,GER,822,29 JUL 2016,Mönchengladbach (GER),
Davor Aaron BIENENFELD,GER,932,19 MAY 2017,Karlsruhe (GER),
Davor Aaron BIENENFELD,GER,957,20 APR 2018,"Auburn, AL (USA)",
Davor Aaron BIENENFELD,GER,1007,29 MAR 2019,"Palo Alto, CA (USA)",
Davor Aaron BIENENFELD,GER,1058,11 JUL 2020,"LAZ Wien, Wien (AUT)",
Davor Aaron BIENENFELD,GER,1144,12 MAR 2021,"Randal Tyson Indoor Center, Fayetteville, AR (USA) (i)",
Davor Aaron BIENENFELD,GER,1180,27 FEB 2022,"Boston Univ. Track & Tennis Center, Boston, MA (USA) (i)",
Davor Aaron BIENENFELD,GER,1140,06 MAY 2023,"Hilmer Lodge Stadium, Walnut, CA (USA)",
Davor Aaron BIENENFELD,GER,1193,16 FEB 2024,"Boston Univ. Track & Tennis Center, Boston, MA (USA) (i)",
Davor Aaron BIENENFELD,GER,996,23 FEB 2018,"Birmingham, AL (USA) (i)",
Davor Aaron BIENENFELD,GER,953,22 FEB 2019,"Birmingham, AL (USA) (i)",
Davor Aaron BIENENFELD,GER,1060,28 FEB 2020,"CrossPlex Athletic Facility, Birmingham, AL (USA) (i)",
Davor Aaron BIENENFELD,GER,1144,12 MAR 2021,"Randal Tyson Indoor Center, Fayetteville, AR (USA) (i)",
Davor Aaron BIENENFELD,GER,1180,27 FEB 2022,"Boston Univ. Track & Tennis Center, Boston, MA (USA) (i)",
Davor Aaron BIENENFELD,GER,1177,11 FEB 2023,"Boston Univ. Track & Tennis Center, Boston, MA (USA) (i)",
Davor Aaron BIENENFELD,GER,1193,16 FEB 2024,"Boston Univ. Track & Tennis Center, Boston, MA (USA) (i)",
Davor Aaron BIENENFELD,GER,1106,11 MAY 2024,"Jack Kemp Stadium, Los Angeles, CA (USA)",4.
Davor Aaron BIENENFELD,GER,1098,19 MAY 2024,"Bungertstadion, Rehlingen (GER)",7.
Davor Aaron BIENENFELD,GER,1084,18 JUN 2024,"Bislett Stadion, Oslo (NOR)",2.
Davor Aaron BIENENFELD,GER,1061,28 JUN 2024,"Eintracht-Stadion, Braunschweig (GER)",3.
Davor Aaron BIENENFELD,GER,1186,10 FEB 2024,"Boston Univ. Track & Tennis Center, Boston, MA (USA) (i)",11.
Davor Aaron BIENENFELD,GER,1193,16 FEB 2024,"Boston Univ. Track & Tennis Center, Boston, MA (USA) (i)",8.
Davor Aaron BIENENFELD,GER,,16 AUG 2022,"Olympiastadion, München (GER)",20.
Davor Aaron BIENENFELD,GER,,16 AUG 2022,"Olympiastadion, München (GER)",20.
Davor Aaron BIENENFELD,GER,1193,16 FEB 2024,"Boston Univ. Track & Tennis Center, Boston, MA (USA) (i)",
Davor Aaron BIENENFELD,GER,1193,16 FEB 2024,"Boston Univ. Track & Tennis Center, Boston, MA (USA) (i)",
Davor Aaron BIENENFELD,GER,1193,16 FEB 2024,"Boston Univ. Track & Tennis Center, Boston, MA (USA) (i)",
Davor Aaron BIENENFELD,GER,1193,16 FEB 2024,"Boston Univ. Track & Tennis Center, Boston, MA (USA) (i)",
Davor Aaron BIENENFELD,GER,,,,
Davor Aaron BIENENFELD,GER,,,,
Davor Aaron BIENENFELD,GER,,,,
Davor Aaron BIENENFELD,GER,,,,
Davor Aaron BIENENFELD,GER,,,,
Davor Aaron BIENENFELD,GER,,,,
Davor Aaron BIENENFELD,GER,,,,
Davor Aaron BIENENFELD,GER,,,,
Davor Aaron BIENENFELD,GER,,,,
Davor Aaron BIENENFELD,GER,,,,
Davor Aaron BIENENFELD,GER,,,,
Davor Aaron BIENENFELD,GER,,,,
Davor Aaron BIENENFELD,GER,,,,
Davor Aaron BIENENFELD,GER,,,,
Davor Aaron BIENENFELD,GER,,,,
Davor Aaron BIENENFELD,GER,,,,
Davor Aaron BIENENFELD,GER,,,,
Davor Aaron BIENENFELD,GER,,,,
Davor Aaron BIENENFELD,GER,,,,
Davor Aaron BIENENFELD,GER,,,,
Davor Aaron BIENENFELD,GER,,,,
Davor Aaron BIENENFELD,GER,,,,
Davor Aaron BIENENFELD,GER,,,,
Jackson SHARP,AUS,1148,17 MAY 2024,"Drake Stadium, Los Angeles, CA (USA)",
Jackson SHARP,AUS,1167,02 DEC 2023,"Boston Univ. Track & Tennis Center, Boston, MA (USA) (i)",
Jackson SHARP,AUS,1148,17 MAY 2024,"Drake Stadium, Los Angeles, CA (USA)",
Jackson SHARP,AUS,1145,08 MAR 2024,"The Track at New Balance, Boston, MA (USA) (i)",
Jackson SHARP,AUS,917,20 JAN 2018,Glendale (AUS),
Jackson SHARP,AUS,908,09 JUN 2019,Sydney (AUS),
Jackson SHARP,AUS,1054,04 DEC 2020,"JSerra Catholic HS, San Juan Capistrano, CA (USA)",
Jackson SHARP,AUS,0,03 DEC 2021,"GVSU Kelly Family Sports Cente, Allendale, MI (USA) (i)",
Jackson SHARP,AUS,1089,02 JUL 2022,"Morton Stadium, Dublin (IRL)",
Jackson SHARP,AUS,1167,02 DEC 2023,"Boston Univ. Track & Tennis Center, Boston, MA (USA) (i)",
Jackson SHARP,AUS,1148,17 MAY 2024,"Drake Stadium, Los Angeles, CA (USA)",
Jackson SHARP,AUS,1089,03 DEC 2022,"Boston Univ. Track & Tennis Center, Boston, MA (USA) (i)",
Jackson SHARP,AUS,1167,02 DEC 2023,"Boston Univ. Track & Tennis Center, Boston, MA (USA) (i)",
Jackson SHARP,AUS,1145,08 MAR 2024,"The Track at New Balance, Boston, MA (USA) (i)",
Jackson SHARP,AUS,1012,23 FEB 2024,"SPIRE Institute Indoor Track & Field Facility, Geneva, OH (USA) (i)",1.
Jackson SHARP,AUS,1052,29 MAR 2024,"Cobb Track and Angell Field, Palo Alto, CA (USA)",2.
Jackson SHARP,AUS,1068,14 APR 2024,"SA Athletic Stadium, Adelaide (AUS)",3.
Jackson SHARP,AUS,1148,17 MAY 2024,"Drake Stadium, Los Angeles, CA (USA)",10.
Jackson SHARP,AUS,1040,24 MAY 2024,"John McDonnell Field, Fayetteville, AR (USA)",5.
Jackson SHARP,AUS,995,07 JUN 2024,"Hayward Field, Eugene, OR (USA)",10.
Jackson SHARP,AUS,1117,22 JUN 2024,"LAZ Wien, Wien (AUT)",16.
Jackson SHARP,AUS,1135,06 JUL 2024,"Parc des Sports, Maisons-Laffitte (FRA)",15.
Jackson SHARP,AUS,1145,08 MAR 2024,"The Track at New Balance, Boston, MA (USA) (i)",8.
Jackson SHARP,AUS,1148,17 MAY 2024,"Drake Stadium, Los Angeles, CA (USA)",
Jackson SHARP,AUS,1167,02 DEC 2023,"Boston Univ. Track & Tennis Center, Boston, MA (USA) (i)",
Jackson SHARP,AUS,1148,17 MAY 2024,"Drake Stadium, Los Angeles, CA (USA)",
Jackson SHARP,AUS,1145,08 MAR 2024,"The Track at New Balance, Boston, MA (USA) (i)",
Jackson SHARP,AUS,,,,
Jackson SHARP,AUS,,,,
Jackson SHARP,AUS,,,,
Jackson SHARP,AUS,,,,
Jackson SHARP,AUS,,,,
Jackson SHARP,AUS,,,,
Jackson SHARP,AUS,,,,
Jackson SHARP,AUS,,,,
Jackson SHARP,AUS,,,,
Jackson SHARP,AUS,,,,
Jackson SHARP,AUS,,,,
Jackson SHARP,AUS,,,,
Jackson SHARP,AUS,,,,
Jackson SHARP,AUS,,,,
Jackson SHARP,AUS,,,,
Jackson SHARP,AUS,,,,
Jackson SHARP,AUS,,,,
Jackson SHARP,AUS,,,,
Jackson SHARP,AUS,,,,
Gulveer SINGH,IND,1141,09 JUN 2024,"Lincoln HS, Portland, OR (USA)",
Gulveer SINGH,IND,1141,09 JUN 2024,"Lincoln HS, Portland, OR (USA)",
Gulveer SINGH,IND,991,14 JUN 2022,"Jawaharlal Nehru Stadium, Chennai (IND)",
Gulveer SINGH,IND,1102,04 OCT 2023,"HOC Stadium, Hangzhou (CHN)",
Gulveer SINGH,IND,1141,09 JUN 2024,"Lincoln HS, Portland, OR (USA)",
Gulveer SINGH,IND,,16 JUL 2023,"Supachalasai National Stadium, Bangkok (THA)",3.
Gulveer SINGH,IND,,04 OCT 2023,"HOC Stadium, Hangzhou (CHN)",4.
Gulveer SINGH,IND,,27 JUN 2024,"Tau Devi Lal Stadium, Panchkula (IND)",1.
Gulveer SINGH,IND,,19 JUN 2023,"Kalinga Stadium, Bhubaneshwar (IND)",1.
Gulveer SINGH,IND,1096,11 MAY 2024,"Jack Kemp Stadium, Los Angeles, CA (USA)",5.
Gulveer SINGH,IND,1124,17 MAY 2024,"Drake Stadium, Los Angeles, CA (USA)",14.
Gulveer SINGH,IND,1141,09 JUN 2024,"Lincoln HS, Portland, OR (USA)",2.
Gulveer SINGH,IND,1086,27 JUN 2024,"Tau Devi Lal Stadium, Panchkula (IND)",1.
Gulveer SINGH,IND,,04 OCT 2023,"HOC Stadium, Hangzhou (CHN)",4.
Gulveer SINGH,IND,,16 JUL 2023,"Supachalasai National Stadium, Bangkok (THA)",3.
Gulveer SINGH,IND,1141,09 JUN 2024,"Lincoln HS, Portland, OR (USA)",
Gulveer SINGH,IND,1141,09 JUN 2024,"Lincoln HS, Portland, OR (USA)",
Gulveer SINGH,IND,,,,
Gulveer SINGH,IND,,,,
Gulveer SINGH,IND,,,,
Gulveer SINGH,IND,,16 JUL 2023,"Supachalasai National Stadium, Bangkok (THA)",3.
Gulveer SINGH,IND,,04 OCT 2023,"HOC Stadium, Hangzhou (CHN)",4.
Gulveer SINGH,IND,,27 JUN 2024,"Tau Devi Lal Stadium, Panchkula (IND)",1.
Gulveer SINGH,IND,,19 JUN 2023,"Kalinga Stadium, Bhubaneshwar (IND)",1.
Gulveer SINGH,IND,,,,
Gulveer SINGH,IND,,,,
Gulveer SINGH,IND,,,,
Gulveer SINGH,IND,,,,
Gulveer SINGH,IND,,04 OCT 2023,"HOC Stadium, Hangzhou (CHN)",4.
Gulveer SINGH,IND,,16 JUL 2023,"Supachalasai National Stadium, Bangkok (THA)",3.
Keita SATOH,JPN,1227,26 JAN 2024,"Boston Univ. Track & Tennis Center, Boston, MA (USA) (i)",
Keita SATOH,JPN,1227,26 JAN 2024,"Boston Univ. Track & Tennis Center, Boston, MA (USA) (i)",
Keita SATOH,JPN,1227,26 JAN 2024,"Boston Univ. Track & Tennis Center, Boston, MA (USA) (i)",
Keita SATOH,JPN,1227,26 JAN 2024,"Boston Univ. Track & Tennis Center, Boston, MA (USA) (i)",
Keita SATOH,JPN,1098,03 OCT 2021,"NITTAIDAI Athletic Stadium, Yokohama (JPN)",
Keita SATOH,JPN,1127,04 MAY 2022,"Nishishina Athletic Stadium, Nobeoka (JPN)",
Keita SATOH,JPN,1122,01 JUN 2023,"Yanmar Stadium Nagai, Osaka (JPN)",
Keita SATOH,JPN,1227,26 JAN 2024,"Boston Univ. Track & Tennis Center, Boston, MA (USA) (i)",
Keita SATOH,JPN,1227,26 JAN 2024,"Boston Univ. Track & Tennis Center, Boston, MA (USA) (i)",
Keita SATOH,JPN,,04 OCT 2023,"HOC Stadium, Hangzhou (CHN)",6.
Keita SATOH,JPN,1227,26 JAN 2024,"Boston Univ. Track & Tennis Center, Boston, MA (USA) (i)",10.
Keita SATOH,JPN,,04 OCT 2023,"HOC Stadium, Hangzhou (CHN)",6.
Keita SATOH,JPN,,01 AUG 2022,"Pascual Guerrero Stadium, Cali (COL)",11.
Keita SATOH,JPN,,04 OCT 2023,"HOC Stadium, Hangzhou (CHN)",6.
Keita SATOH,JPN,,01 AUG 2022,"Pascual Guerrero Stadium, Cali (COL)",11.
Keita SATOH,JPN,1227,26 JAN 2024,"Boston Univ. Track & Tennis Center, Boston, MA (USA) (i)",
Keita SATOH,JPN,1227,26 JAN 2024,"Boston Univ. Track & Tennis Center, Boston, MA (USA) (i)",
Keita SATOH,JPN,1227,26 JAN 2024,"Boston Univ. Track & Tennis Center, Boston, MA (USA) (i)",
Keita SATOH,JPN,1227,26 JAN 2024,"Boston Univ. Track & Tennis Center, Boston, MA (USA) (i)",
Keita SATOH,JPN,,,,
Keita SATOH,JPN,,,,
Keita SATOH,JPN,,,,
Keita SATOH,JPN,,,,
Keita SATOH,JPN,,,,
Keita SATOH,JPN,,04 OCT 2023,"HOC Stadium, Hangzhou (CHN)",6.
Keita SATOH,JPN,,,,
Vladimir NIKITIN,RUS,1166,24 JUL 2021,"Salyut Stadion, Dolgoprudny (RUS)",
Vladimir NIKITIN,RUS,1172,27 FEB 2020,"LFK CSKA, Moskva (RUS) (i)",
Vladimir NIKITIN,RUS,1092,21 MAY 2024,"Slava Metreveli Stadium, Sochi (RUS)",
Vladimir NIKITIN,RUS,1035,04 JUL 2012,Cheboksary (RUS),
Vladimir NIKITIN,RUS,1067,03 AUG 2015,Cheboksary (RUS),
Vladimir NIKITIN,RUS,1102,26 MAY 2016,Sochi (RUS),
Vladimir NIKITIN,RUS,1123,02 JUN 2017,Kazan (RUS),
Vladimir NIKITIN,RUS,1099,19 JUL 2018,Kazan (RUS),
Vladimir NIKITIN,RUS,1128,24 JUL 2019,Cheboksary (RUS),
Vladimir NIKITIN,RUS,1172,27 FEB 2020,"LFK CSKA, Moskva (RUS) (i)",
Vladimir NIKITIN,RUS,1166,24 JUL 2021,"Salyut Stadion, Dolgoprudny (RUS)",
Vladimir NIKITIN,RUS,1153,02 AUG 2022,"Olympic Stadium, Cheboksary (RUS)",
Vladimir NIKITIN,RUS,1139,03 AUG 2023,"Yelena Yelesina Stadium, Chelyabinsk (RUS)",
Vladimir NIKITIN,RUS,1092,21 MAY 2024,"Slava Metreveli Stadium, Sochi (RUS)",
Vladimir NIKITIN,RUS,1051,17 FEB 2015,Moskva (RUS) (i),
Vladimir NIKITIN,RUS,1172,27 FEB 2020,"LFK CSKA, Moskva (RUS) (i)",
Vladimir NIKITIN,RUS,,03 AUG 2023,"Yelena Yelesina Stadium, Chelyabinsk (RUS)",1.
Vladimir NIKITIN,RUS,,02 AUG 2022,"Olympic Stadium, Cheboksary (RUS)",1.
Vladimir NIKITIN,RUS,,23 JUN 2021,"Olympic Stadium, Cheboksary (RUS)",1.
Vladimir NIKITIN,RUS,,08 SEP 2020,"Yelena Yelesina Stadium, Chelyabinsk (RUS)",1.
Vladimir NIKITIN,RUS,,24 JUL 2019,Cheboksary (RUS),1.
Vladimir NIKITIN,RUS,,28 JUL 2017,Zhukovskiy (RUS),1.
Vladimir NIKITIN,RUS,,20 JUN 2016,Cheboksary (RUS),1.
Vladimir NIKITIN,RUS,,27 FEB 2020,"LFK CSKA, Moskva (RUS) (i)",1.
Vladimir NIKITIN,RUS,1092,21 MAY 2024,"Slava Metreveli Stadium, Sochi (RUS)",1.
Vladimir NIKITIN,RUS,1072,07 JUL 2024,"Olympic Stadium, Cheboksary (RUS)",1.
Vladimir NIKITIN,RUS,1166,24 JUL 2021,"Salyut Stadion, Dolgoprudny (RUS)",
Vladimir NIKITIN,RUS,1172,27 FEB 2020,"LFK CSKA, Moskva (RUS) (i)",
Vladimir NIKITIN,RUS,1092,21 MAY 2024,"Slava Metreveli Stadium, Sochi (RUS)",
Vladimir NIKITIN,RUS,,,,
Vladimir NIKITIN,RUS,,,,
Vladimir NIKITIN,RUS,,,,
Vladimir NIKITIN,RUS,,,,
Vladimir NIKITIN,RUS,,,,
Vladimir NIKITIN,RUS,,,,
Vladimir NIKITIN,RUS,,,,
Vladimir NIKITIN,RUS,,,,
Vladimir NIKITIN,RUS,,,,
Vladimir NIKITIN,RUS,,,,
Vladimir NIKITIN,RUS,,,,
Vladimir NIKITIN,RUS,,,,
Vladimir NIKITIN,RUS,,,,
Vladimir NIKITIN,RUS,,03 AUG 2023,"Yelena Yelesina Stadium, Chelyabinsk (RUS)",1.
Vladimir NIKITIN,RUS,,02 AUG 2022,"Olympic Stadium, Cheboksary (RUS)",1.
Vladimir NIKITIN,RUS,,23 JUN 2021,"Olympic Stadium, Cheboksary (RUS)",1.
Vladimir NIKITIN,RUS,,08 SEP 2020,"Yelena Yelesina Stadium, Chelyabinsk (RUS)",1.
Vladimir NIKITIN,RUS,,24 JUL 2019,Cheboksary (RUS),1.
Vladimir NIKITIN,RUS,,28 JUL 2017,Zhukovskiy (RUS),1.
Vladimir NIKITIN,RUS,,20 JUN 2016,Cheboksary (RUS),1.
Vladimir NIKITIN,RUS,,27 FEB 2020,"LFK CSKA, Moskva (RUS) (i)",1.
Vladimir NIKITIN,RUS,,,,
Vladimir NIKITIN,RUS,,,,
Abdessamad OUKHELFEN,ESP,1145,08 SEP 2020,"Mestský Stadion, Ostrava (CZE)",
Abdessamad OUKHELFEN,ESP,1131,04 MAY 2024,"Stade Raymond Troussier, Decines (FRA)",
Abdessamad OUKHELFEN,ESP,887,15 JUN 2016,Barcelona (ESP),
Abdessamad OUKHELFEN,ESP,955,27 MAY 2017,Oordegem (BEL),
Abdessamad OUKHELFEN,ESP,1025,26 JUN 2018,Castellón (ESP),
Abdessamad OUKHELFEN,ESP,1070,20 JUN 2019,Huelva (ESP),
Abdessamad OUKHELFEN,ESP,1145,08 SEP 2020,"Mestský Stadion, Ostrava (CZE)",
Abdessamad OUKHELFEN,ESP,1137,26 FEB 2021,"Stade L. Lagrange, Toulon (FRA)",
Abdessamad OUKHELFEN,ESP,1130,16 JUN 2022,Castellón (ESP),
Abdessamad OUKHELFEN,ESP,1143,06 JUN 2023,"Estadio Iberoamericano, Huelva (ESP)",
Abdessamad OUKHELFEN,ESP,1131,04 MAY 2024,"Stade Raymond Troussier, Decines (FRA)",
Abdessamad OUKHELFEN,ESP,,13 JUL 2019,"Gunder Hägg Stadion, Gävle (SWE)",3.
Abdessamad OUKHELFEN,ESP,,13 SEP 2020,"Estadio Vallehermoso, Madrid (ESP)",1.
Abdessamad OUKHELFEN,ESP,1113,30 APR 2024,"Estadio Iberoamericano, Huelva (ESP)",11.
Abdessamad OUKHELFEN,ESP,1131,04 MAY 2024,"Stade Raymond Troussier, Decines (FRA)",4.
Abdessamad OUKHELFEN,ESP,,16 AUG 2022,"Olympiastadion, München (GER)",12.
Abdessamad OUKHELFEN,ESP,,13 JUL 2019,"Gunder Hägg Stadion, Gävle (SWE)",3.
Abdessamad OUKHELFEN,ESP,,16 AUG 2022,"Olympiastadion, München (GER)",12.
Abdessamad OUKHELFEN,ESP,,13 JUL 2019,"Gunder Hägg Stadion, Gävle (SWE)",3.
Abdessamad OUKHELFEN,ESP,1145,08 SEP 2020,"Mestský Stadion, Ostrava (CZE)",
Abdessamad OUKHELFEN,ESP,1131,04 MAY 2024,"Stade Raymond Troussier, Decines (FRA)",
Abdessamad OUKHELFEN,ESP,,,,
Abdessamad OUKHELFEN,ESP,,,,
Abdessamad OUKHELFEN,ESP,,,,
Abdessamad OUKHELFEN,ESP,,,,
Abdessamad OUKHELFEN,ESP,,,,
Abdessamad OUKHELFEN,ESP,,,,
Abdessamad OUKHELFEN,ESP,,,,
Abdessamad OUKHELFEN,ESP,,,,
Abdessamad OUKHELFEN,ESP,,,,
Abdessamad OUKHELFEN,ESP,,13 JUL 2019,"Gunder Hägg Stadion, Gävle (SWE)",3.
Abdessamad OUKHELFEN,ESP,,13 SEP 2020,"Estadio Vallehermoso, Madrid (ESP)",1.
Abdessamad OUKHELFEN,ESP,,,,
Abdessamad OUKHELFEN,ESP,,,,
Romain LEGENDRE,FRA,1150,12 APR 2024,"Cougar Athletic Stadium, Azusa, CA (USA)",
Romain LEGENDRE,FRA,1172,02 DEC 2023,"Boston Univ. Track & Tennis Center, Boston, MA (USA) (i)",
Romain LEGENDRE,FRA,1150,12 APR 2024,"Cougar Athletic Stadium, Azusa, CA (USA)",
Romain LEGENDRE,FRA,1072,08 MAR 2024,"Robert W. Plaster Center, Pittsburg, KS (USA) (i)",
Romain LEGENDRE,FRA,1172,02 DEC 2023,"Boston Univ. Track & Tennis Center, Boston, MA (USA) (i)",
Romain LEGENDRE,FRA,1150,12 APR 2024,"Cougar Athletic Stadium, Azusa, CA (USA)",
Romain LEGENDRE,FRA,1172,02 DEC 2023,"Boston Univ. Track & Tennis Center, Boston, MA (USA) (i)",
Romain LEGENDRE,FRA,1072,08 MAR 2024,"Robert W. Plaster Center, Pittsburg, KS (USA) (i)",
Romain LEGENDRE,FRA,1150,12 APR 2024,"Cougar Athletic Stadium, Azusa, CA (USA)",3.
Romain LEGENDRE,FRA,883,25 MAY 2024,"Emporia St. Francis G. Welch Stadium, Emporia, KS (USA)",1.
Romain LEGENDRE,FRA,1105,08 JUN 2024,"Stadio Olimpico, Roma (ITA)",13.
Romain LEGENDRE,FRA,0,19 JUN 2024,"Stade de Stehelin, Bordeaux (FRA)",
Romain LEGENDRE,FRA,1058,28 JUN 2024,"Stade Josette et Roger Mikulak, Angers (FRA)",2.
Romain LEGENDRE,FRA,1072,08 MAR 2024,"Robert W. Plaster Center, Pittsburg, KS (USA) (i)",2.
Romain LEGENDRE,FRA,,08 JUN 2024,"Stadio Olimpico, Roma (ITA)",13.
Romain LEGENDRE,FRA,,08 JUN 2024,"Stadio Olimpico, Roma (ITA)",13.
Romain LEGENDRE,FRA,1150,12 APR 2024,"Cougar Athletic Stadium, Azusa, CA (USA)",
Romain LEGENDRE,FRA,1172,02 DEC 2023,"Boston Univ. Track & Tennis Center, Boston, MA (USA) (i)",
Romain LEGENDRE,FRA,1150,12 APR 2024,"Cougar Athletic Stadium, Azusa, CA (USA)",
Romain LEGENDRE,FRA,1072,08 MAR 2024,"Robert W. Plaster Center, Pittsburg, KS (USA) (i)",
Romain LEGENDRE,FRA,,,,
Romain LEGENDRE,FRA,,,,
Romain LEGENDRE,FRA,,,,
Romain LEGENDRE,FRA,,,,
Romain LEGENDRE,FRA,,,,
Romain LEGENDRE,FRA,,,,
Romain LEGENDRE,FRA,,,,
Romain LEGENDRE,FRA,,,,
Romain LEGENDRE,FRA,,,,
Romain LEGENDRE,FRA,,,,
Valentin GONDOUIN,FRA,1156,06 JUL 2024,"Parc des Sports, Maisons-Laffitte (FRA)",
Valentin GONDOUIN,FRA,1156,06 JUL 2024,"Parc des Sports, Maisons-Laffitte (FRA)",
Valentin GONDOUIN,FRA,950,12 SEP 2020,"Stadium Municipal, Albi (FRA)",
Valentin GONDOUIN,FRA,1036,29 MAY 2021,"Putbosstadion, Oordegem (BEL)",
Valentin GONDOUIN,FRA,1067,11 JUN 2022,"Stade Du Moulin Boisseau, Carquefou (FRA)",
Valentin GONDOUIN,FRA,1102,24 JUN 2023,"Stade Du Moulin Boisseau, Carquefou (FRA)",
Valentin GONDOUIN,FRA,1156,06 JUL 2024,"Parc des Sports, Maisons-Laffitte (FRA)",
Valentin GONDOUIN,FRA,0,27 APR 2024,"Arena Civica Gianni Brera, Milano (ITA)",
Valentin GONDOUIN,FRA,1114,04 MAY 2024,"Stade Raymond Troussier, Decines (FRA)",6.
Valentin GONDOUIN,FRA,1151,22 JUN 2024,"LAZ Wien, Wien (AUT)",7.
Valentin GONDOUIN,FRA,1046,28 JUN 2024,"Stade Josette et Roger Mikulak, Angers (FRA)",5.
Valentin GONDOUIN,FRA,1156,06 JUL 2024,"Parc des Sports, Maisons-Laffitte (FRA)",4.
Valentin GONDOUIN,FRA,,10 JUL 2021,"Kadrioru staadion, Tallinn (EST)",10.
Valentin GONDOUIN,FRA,,10 JUL 2021,"Kadrioru staadion, Tallinn (EST)",10.
Valentin GONDOUIN,FRA,1156,06 JUL 2024,"Parc des Sports, Maisons-Laffitte (FRA)",
Valentin GONDOUIN,FRA,1156,06 JUL 2024,"Parc des Sports, Maisons-Laffitte (FRA)",
Valentin GONDOUIN,FRA,,,,
Valentin GONDOUIN,FRA,,,,
Valentin GONDOUIN,FRA,,,,
Valentin GONDOUIN,FRA,,,,
Valentin GONDOUIN,FRA,,,,
Valentin GONDOUIN,FRA,,,,
Valentin GONDOUIN,FRA,,,,
Valentin GONDOUIN,FRA,,,,
Valentin GONDOUIN,FRA,,,,
Valentin GONDOUIN,FRA,,,,
Morgan LE GUEN,SUI,1158,25 MAY 2024,"Boudewijnstadion, Bruxelles (BEL)",
Morgan LE GUEN,SUI,1158,25 MAY 2024,"Boudewijnstadion, Bruxelles (BEL)",
Morgan LE GUEN,SUI,951,26 JUN 2019,Halluin (FRA),
Morgan LE GUEN,SUI,1038,14 AUG 2021,"Sportanlage Wisacher, Regensdorf (SUI)",
Morgan LE GUEN,SUI,1077,13 AUG 2022,"Sportanlage Wisacher, Regensdorf (SUI)",
Morgan LE GUEN,SUI,1104,27 MAY 2023,"Putbosstadion, Oordegem (BEL)",
Morgan LE GUEN,SUI,1158,25 MAY 2024,"Boudewijnstadion, Bruxelles (BEL)",
Morgan LE GUEN,SUI,,08 JUN 2024,"Stadio Olimpico, Roma (ITA)",8.
Morgan LE GUEN,SUI,1118,12 APR 2024,"Cougar Athletic Stadium, Azusa, CA (USA)",3.
Morgan LE GUEN,SUI,1103,26 APR 2024,"Cobb Track and Angell Field, Palo Alto, CA (USA)",3.
Morgan LE GUEN,SUI,1123,19 MAY 2024,"Bungertstadion, Rehlingen (GER)",3.
Morgan LE GUEN,SUI,1158,25 MAY 2024,"Boudewijnstadion, Bruxelles (BEL)",11.
Morgan LE GUEN,SUI,1119,08 JUN 2024,"Stadio Olimpico, Roma (ITA)",8.
Morgan LE GUEN,SUI,0,22 JUN 2024,"LAZ Wien, Wien (AUT)",
Morgan LE GUEN,SUI,1030,28 JUN 2024,"Stadion Deutweg, Winterthur (SUI)",2.
Morgan LE GUEN,SUI,,08 JUN 2024,"Stadio Olimpico, Roma (ITA)",8.
Morgan LE GUEN,SUI,,08 JUN 2024,"Stadio Olimpico, Roma (ITA)",8.
Morgan LE GUEN,SUI,1158,25 MAY 2024,"Boudewijnstadion, Bruxelles (BEL)",
Morgan LE GUEN,SUI,1158,25 MAY 2024,"Boudewijnstadion, Bruxelles (BEL)",
Morgan LE GUEN,SUI,,,,
Morgan LE GUEN,SUI,,,,
Morgan LE GUEN,SUI,,,,
Morgan LE GUEN,SUI,,,,
Morgan LE GUEN,SUI,,,,
Morgan LE GUEN,SUI,,08 JUN 2024,"Stadio Olimpico, Roma (ITA)",8.
Morgan LE GUEN,SUI,,,,
Morgan LE GUEN,SUI,,,,
Morgan LE GUEN,SUI,,,,
Morgan LE GUEN,SUI,,,,
Morgan LE GUEN,SUI,,,,
Morgan LE GUEN,SUI,,,,
Morgan LE GUEN,SUI,,,,
Merhawi MEBRAHTU,ERI,1193,25 MAY 2022,"Estadio Iberoamericano, Huelva (ESP)",
Merhawi MEBRAHTU,ERI,1138,22 JUN 2024,"LAZ Wien, Wien (AUT)",
Merhawi MEBRAHTU,ERI,1065,19 AUG 2021,"Moi International Sports Centre, Kasarani, Nairobi (KEN)",
Merhawi MEBRAHTU,ERI,1193,25 MAY 2022,"Estadio Iberoamericano, Huelva (ESP)",
Merhawi MEBRAHTU,ERI,1170,15 JUL 2023,"Stadion De Veen, Heusden-Zolder (BEL)",
Merhawi MEBRAHTU,ERI,1138,22 JUN 2024,"LAZ Wien, Wien (AUT)",
Merhawi MEBRAHTU,ERI,,01 AUG 2022,"Pascual Guerrero Stadium, Cali (COL)",2.
Merhawi MEBRAHTU,ERI,,19 AUG 2021,"Moi International Sports Centre, Kasarani, Nairobi (KEN)",5.
Merhawi MEBRAHTU,ERI,1138,22 JUN 2024,"LAZ Wien, Wien (AUT)",9.
Merhawi MEBRAHTU,ERI,,21 JUL 2022,"Hayward Field, Eugene, OR (USA)",17.
Merhawi MEBRAHTU,ERI,,01 AUG 2022,"Pascual Guerrero Stadium, Cali (COL)",2.
Merhawi MEBRAHTU,ERI,,19 AUG 2021,"Moi International Sports Centre, Kasarani, Nairobi (KEN)",5.
Merhawi MEBRAHTU,ERI,,21 JUL 2022,"Hayward Field, Eugene, OR (USA)",17.
Merhawi MEBRAHTU,ERI,,01 AUG 2022,"Pascual Guerrero Stadium, Cali (COL)",2.
Merhawi MEBRAHTU,ERI,,19 AUG 2021,"Moi International Sports Centre, Kasarani, Nairobi (KEN)",5.
Merhawi MEBRAHTU,ERI,1193,25 MAY 2022,"Estadio Iberoamericano, Huelva (ESP)",
Merhawi MEBRAHTU,ERI,1138,22 JUN 2024,"LAZ Wien, Wien (AUT)",
Merhawi MEBRAHTU,ERI,,,,
Merhawi MEBRAHTU,ERI,,,,
Merhawi MEBRAHTU,ERI,,,,
Merhawi MEBRAHTU,ERI,,,,
Merhawi MEBRAHTU,ERI,,01 AUG 2022,"Pascual Guerrero Stadium, Cali (COL)",2.
Merhawi MEBRAHTU,ERI,,19 AUG 2021,"Moi International Sports Centre, Kasarani, Nairobi (KEN)",5.
Merhawi MEBRAHTU,ERI,,,,
